H0_true,H0_inferred_gr,delta_H0_inferred_minus_true,omega_m_true,omega_m_assumed,omega_k_true,r_d_true,r_d_assumed,theta_star_true,theta_star_obs,A_lens_true,A_lens_obs,relief_fraction,rd_shift_needed_frac_for_H0local
7.123559128662279250e+01,6.565554694423705939e+01,-5.580044342385733103e+00,2.970575913826871139e-01,3.150000000000000022e-01,0.000000000000000000e+00,1.388695370834630864e+02,1.470900000000000034e+02,1.033300248456274495e-02,1.033300248456274495e-02,9.226488643355752473e-01,9.226488643355752473e-01,-3.115094742433834885e-01,-9.977631521061913755e-02
6.591343227800470572e+01,7.499753966166301211e+01,9.084107383658306389e+00,3.834111363452568644e-01,3.150000000000000022e-01,0.000000000000000000e+00,1.545341745835545737e+02,1.470900000000000034e+02,1.178988200255177282e-02,1.178988200255177282e-02,9.602386400986375747e-01,9.602386400986375747e-01,6.432964889887474724e-01,2.714879198234187996e-02
7.188085273511413220e+01,7.498805853490350160e+01,3.107205799789369394e+00,3.764876504459121476e-01,3.150000000000000022e-01,0.000000000000000000e+00,1.428211329202991635e+02,1.470900000000000034e+02,1.178840280215078667e-02,1.178840280215078667e-02,9.921638597493841472e-01,9.921638597493841472e-01,6.449895473386600964e-01,2.701992225280225313e-02
6.815320635939835370e+01,7.460156429287521007e+01,6.448357933476856374e+00,3.731163805686690260e-01,3.150000000000000022e-01,0.000000000000000000e+00,1.503478375381585579e+02,1.470900000000000034e+02,1.172810477952114343e-02,1.172810477952114343e-02,9.617762291233231675e-01,9.617762291233231675e-01,7.140063762722836938e-01,2.176668552918137323e-02
7.556809364593057410e+01,7.183294790752941594e+01,-3.735145738401158155e+00,3.608457541651544087e-01,3.150000000000000022e-01,0.000000000000000000e+00,1.324662280506622949e+02,1.470900000000000034e+02,1.129622295397916289e-02,1.129622295397916289e-02,9.911525232633970894e-01,9.911525232633970894e-01,7.915978406302526249e-01,-1.585938191479829840e-02
7.000598266102502976e+01,7.369277954689509613e+01,3.686796885870066376e+00,3.738402188001809234e-01,3.150000000000000022e-01,0.000000000000000000e+00,1.445154220790780073e+02,1.470900000000000034e+02,1.158633039182419520e-02,1.158633039182419520e-02,9.265802018940456630e-01,9.265802018940456630e-01,8.762893666258755321e-01,9.415129251905796082e-03
7.313934216559040635e+01,6.946067914270447829e+01,-3.678663022885928058e+00,3.308046511315577698e-01,3.150000000000000022e-01,0.000000000000000000e+00,1.370461880623473689e+02,1.470900000000000034e+02,1.092625356687579319e-02,1.092625356687579319e-02,1.015679390720754194e+00,1.015679390720754194e+00,3.679784183400848230e-01,-4.809156277559256676e-02
7.002653427493865479e+01,7.011486897877971103e+01,8.833470384105623907e-02,3.207098780083209588e-01,3.150000000000000022e-01,0.000000000000000000e+00,1.462231345394392008e+02,1.470900000000000034e+02,1.102827008721899739e-02,1.102827008721899739e-02,9.872853749450943850e-01,9.872853749450943850e-01,4.847980319249478587e-01,-3.920376002997694176e-02
7.267575111735831683e+01,6.564061545968380074e+01,-7.035135657674516096e+00,2.711684272476944102e-01,3.150000000000000022e-01,0.000000000000000000e+00,1.411191690528547156e+02,1.470900000000000034e+02,1.033067501765770439e-02,1.033067501765770439e-02,9.911042580282856118e-01,9.911042580282856118e-01,-3.141758107707512959e-01,-9.997908694483792491e-02
6.930535804174807879e+01,7.591585581302121000e+01,6.610497771273131207e+00,3.958750296585033523e-01,3.150000000000000022e-01,0.000000000000000000e+00,1.469062552085202071e+02,1.470900000000000034e+02,1.193315868145363411e-02,1.193315868145363411e-02,9.350330898976269012e-01,9.350330898976269012e-01,4.793114619604976756e-01,3.963122968794707823e-02
6.993270548871284120e+01,7.518029186747988035e+01,5.247586378767039150e+00,3.808450043909882843e-01,3.150000000000000022e-01,0.000000000000000000e+00,1.464648226794904815e+02,1.470900000000000034e+02,1.181839435676594954e-02,1.181839435676594954e-02,8.815951908024792782e-01,8.815951908024792782e-01,6.106621665214495565e-01,2.963282279633339122e-02
7.030141594813895267e+01,6.611642287252293215e+01,-4.184993075616020519e+00,3.022079289841542726e-01,3.150000000000000022e-01,0.000000000000000000e+00,1.407123868196202920e+02,1.470900000000000034e+02,1.040484407999258364e-02,1.040484407999258364e-02,1.044914975199319862e+00,1.044914975199319862e+00,-2.292102013351919876e-01,-9.351738845088819474e-02
7.501889511013102663e+01,7.075585868629454467e+01,-4.263036423836481958e+00,3.315615382645338283e-01,3.150000000000000022e-01,0.000000000000000000e+00,1.359835604166488565e+02,1.470900000000000034e+02,1.112823431395514560e-02,1.112823431395514560e-02,9.053500883299241409e-01,9.053500883299241409e-01,5.992604796954539292e-01,-3.049475558775605055e-02
6.579417917907244373e+01,7.238927746008262432e+01,6.595098281010180585e+00,3.813076261662655120e-01,3.150000000000000022e-01,0.000000000000000000e+00,1.498005010560569872e+02,1.470900000000000034e+02,1.138299753329733918e-02,1.138299753329733918e-02,1.094494589475283997e+00,1.094494589475283997e+00,8.909424035861828184e-01,-8.299475521998944672e-03
7.104071461100059537e+01,7.431365324696805885e+01,3.272938635967463483e+00,3.708523252962953043e-01,3.150000000000000022e-01,0.000000000000000000e+00,1.440804217732252255e+02,1.470900000000000034e+02,1.168318823646914695e-02,1.168318823646914695e-02,9.666200213671424235e-01,9.666200213671424235e-01,7.654190630414178242e-01,1.785350192599555186e-02
7.102262424037500921e+01,7.688334876007746743e+01,5.860724519702458224e+00,3.990833530370566651e-01,3.150000000000000022e-01,0.000000000000000000e+00,1.447194596013926571e+02,1.470900000000000034e+02,1.208411920826145229e-02,1.208411920826145229e-02,8.627607488839431626e-01,8.627607488839431626e-01,3.065448642718801020e-01,5.278309352459187309e-02
7.253357639911217802e+01,7.401069615268784219e+01,1.477119753575664163e+00,3.696892426947617216e-01,3.150000000000000022e-01,0.000000000000000000e+00,1.407422478493548681e+02,1.470900000000000034e+02,1.163592554405955791e-02,1.163592554405955791e-02,9.549781777717150089e-01,9.549781777717150089e-01,8.195185441628851652e-01,1.373591895070913615e-02
7.376508694020017742e+01,6.511531645675306379e+01,-8.649770483447113634e+00,2.737542194914570071e-01,3.150000000000000022e-01,0.000000000000000000e+00,1.374351233203677225e+02,1.470900000000000034e+02,1.024879574304185872e-02,1.024879574304185872e-02,9.690041440384055127e-01,9.690041440384055127e-01,-4.079792041512400047e-01,-1.071125084660926596e-01
6.942125647922603093e+01,7.406760267331367231e+01,4.646346194087641379e+00,3.629076367293982974e-01,3.150000000000000022e-01,0.000000000000000000e+00,1.482166592119613142e+02,1.470900000000000034e+02,1.164480313025529137e-02,1.164480313025529137e-02,9.165355563052318688e-01,9.165355563052318688e-01,8.093566654797011983e-01,1.450934500660139292e-02
7.021210500703097068e+01,7.049975416867350475e+01,2.876491616425340681e-01,3.220455582856757148e-01,3.150000000000000022e-01,0.000000000000000000e+00,1.463907658002952132e+02,1.470900000000000034e+02,1.108829333747017760e-02,1.108829333747017760e-02,9.725814123771874264e-01,9.725814123771874264e-01,5.535275301202682297e-01,-3.397446180858598730e-02
6.973775432238943495e+01,7.410967175498541337e+01,4.371917432595978426e+00,3.659328330229605353e-01,3.150000000000000022e-01,0.000000000000000000e+00,1.471407230926041620e+02,1.470900000000000034e+02,1.165136605912825071e-02,1.165136605912825071e-02,1.046980878123550562e+00,1.046980878123550562e+00,8.018443294668902155e-01,1.508111531458800059e-02
7.127322819230950302e+01,7.408335526245720359e+01,2.810127070147700579e+00,3.768108982672294660e-01,3.150000000000000022e-01,0.000000000000000000e+00,1.422566646394607801e+02,1.470900000000000034e+02,1.164726058841976733e-02,1.164726058841976733e-02,1.004317914241121379e+00,1.004317914241121379e+00,8.065437031326420092e-01,1.472344173669948297e-02
6.821687690225394363e+01,6.966472945264693806e+01,1.447852550392994431e+00,3.105909758593734526e-01,3.150000000000000022e-01,0.000000000000000000e+00,1.510291342958287828e+02,1.470900000000000034e+02,1.095807315324816983e-02,1.095807315324816983e-02,9.734637771092082836e-01,9.734637771092082836e-01,4.044159736869525901e-01,-4.531940189249883399e-02
6.885926275119686579e+01,7.267721401662744540e+01,3.817951265430579610e+00,3.718744782241930613e-01,3.150000000000000022e-01,0.000000000000000000e+00,1.452031380640752616e+02,1.470900000000000034e+02,1.142791067789862385e-02,1.142791067789862385e-02,1.025999978864489126e+00,1.025999978864489126e+00,9.423596458263294728e-01,-4.386587995953039609e-03
6.949413243693189202e+01,7.362387876049888291e+01,4.129746323566990895e+00,3.591356279037028476e-01,3.150000000000000022e-01,0.000000000000000000e+00,1.478009127781861878e+02,1.470900000000000034e+02,1.157558200990243744e-02,1.157558200990243744e-02,8.868629048831102590e-01,8.868629048831102590e-01,8.885930784823422579e-01,8.478717207721864213e-03
7.249966868267719633e+01,7.043020622477979487e+01,-2.069462457897401464e+00,3.342047300049479919e-01,3.150000000000000022e-01,0.000000000000000000e+00,1.395871441846249468e+02,1.470900000000000034e+02,1.107744710055199276e-02,1.107744710055199276e-02,9.261938948473823485e-01,9.261938948473823485e-01,5.411082544249629089e-01,-3.491939909851449197e-02
7.395818039775045349e+01,6.629853717394625789e+01,-7.659643223804195600e+00,2.853326595513753228e-01,3.150000000000000022e-01,0.000000000000000000e+00,1.372753035705909497e+02,1.470900000000000034e+02,1.043323315932636990e-02,1.043323315932636990e-02,9.716224981063603661e-01,9.716224981063603661e-01,-1.966897903667408354e-01,-9.104409749370312444e-02
6.911729554481595983e+01,6.983920747384937044e+01,7.219119290334106154e-01,3.459485433297417867e-01,3.150000000000000022e-01,0.000000000000000000e+00,1.431534268570180473e+02,1.470900000000000034e+02,1.098528173866172332e-02,1.098528173866172332e-02,9.866129288387777141e-01,9.866129288387777141e-01,4.355727631873870243e-01,-4.294895699465928196e-02
7.205593031968031426e+01,7.458930113483030766e+01,2.533370815149993405e+00,3.943298254960263538e-01,3.150000000000000022e-01,0.000000000000000000e+00,1.391035231014459157e+02,1.470900000000000034e+02,1.172619160201303357e-02,1.172619160201303357e-02,8.647854535586848579e-01,8.647854535586848579e-01,7.161962259231591243e-01,2.160000718873011927e-02
7.010669777970780103e+01,5.923260780003887049e+01,-1.087408997966893054e+01,2.128910011193020091e-01,3.150000000000000022e-01,0.000000000000000000e+00,1.452499474089422051e+02,1.470900000000000034e+02,9.332202199501316020e-03,9.332202199501316020e-03,1.026760506607993673e+00,1.026760506607993673e+00,-1.458462892850204362e+00,-1.869672475366542796e-01
7.300716075961871354e+01,6.757841655379678514e+01,-5.428744205821928404e+00,3.031084020926280154e-01,3.150000000000000022e-01,0.000000000000000000e+00,1.383463218972698598e+02,1.470900000000000034e+02,1.063276414932906068e-02,1.063276414932906068e-02,9.515685860342086855e-01,9.515685860342086855e-01,3.186009889228202940e-02,-7.366071610787194857e-02
6.701817465831589971e+01,7.066346933816555520e+01,3.645294679849655495e+00,3.534598390584973715e-01,3.150000000000000022e-01,0.000000000000000000e+00,1.480481023870326851e+02,1.470900000000000034e+02,1.111382555171608333e-02,1.111382555171608333e-02,1.018783600673908163e+00,1.018783600673908163e+00,5.827623818152772861e-01,-3.175006439615724041e-02
7.359272453146354565e+01,7.182682137005772915e+01,-1.765903161405816491e+00,3.401848220849986726e-01,3.150000000000000022e-01,0.000000000000000000e+00,1.392414221264643004e+02,1.470900000000000034e+02,1.129526737950638064e-02,1.129526737950638064e-02,8.659525471050899537e-01,8.659525471050899537e-01,7.905038160817371429e-01,-1.594263271961171569e-02
7.215953701409407017e+01,7.593896976829681478e+01,3.779432754202744604e+00,3.972788153205316086e-01,3.150000000000000022e-01,0.000000000000000000e+00,1.409747590143547313e+02,1.470900000000000034e+02,1.193676508103905069e-02,1.193676508103905069e-02,9.198267973770276607e-01,9.198267973770276607e-01,4.751839699469968537e-01,3.994542358545705163e-02
6.998246863522975048e+01,7.399452760702675391e+01,4.012058971797003437e+00,3.786992155025090123e-01,3.150000000000000022e-01,0.000000000000000000e+00,1.443985788130926267e+02,1.470900000000000034e+02,1.163340321065689693e-02,1.163340321065689693e-02,9.993900548504289771e-01,9.993900548504289771e-01,8.224057844595080713e-01,1.351617021132756058e-02
7.679534980383883180e+01,6.758327915632831662e+01,-9.212070647510515187e+00,2.835590856532008708e-01,3.150000000000000022e-01,0.000000000000000000e+00,1.351174731342476036e+02,1.470900000000000034e+02,1.063352227205795197e-02,1.063352227205795197e-02,9.613314165248763032e-01,9.613314165248763032e-01,3.272842077291271412e-02,-7.359466753800614214e-02
6.900978914217688498e+01,7.169128753900720596e+01,2.681498396830320985e+00,3.380274953400833615e-01,3.150000000000000022e-01,0.000000000000000000e+00,1.485147678996995069e+02,1.470900000000000034e+02,1.127412789547074801e-02,1.127412789547074801e-02,9.238565717636140207e-01,9.238565717636140207e-01,7.663013462512865415e-01,-1.778433015862168620e-02
7.545614577437075354e+01,6.769178428831321526e+01,-7.764361486057538286e+00,2.837767014150952005e-01,3.150000000000000022e-01,0.000000000000000000e+00,1.376726570391012956e+02,1.470900000000000034e+02,1.065043928107505672e-02,1.065043928107505672e-02,9.893578359767387642e-01,9.893578359767387642e-01,5.210433719878748704e-02,-7.212083723401230273e-02
6.933121904538955960e+01,6.990259782667449429e+01,5.713787812849346892e-01,3.128975232336771994e-01,3.150000000000000022e-01,0.000000000000000000e+00,1.486877291061714459e+02,1.470900000000000034e+02,1.099516711904955681e-02,1.099516711904955681e-02,9.554237084595919027e-01,9.554237084595919027e-01,4.468924690490162499e-01,-4.208773068879367862e-02
7.055287550049106926e+01,7.124438617412300800e+01,6.915106736319387437e-01,3.342702146950080611e-01,3.150000000000000022e-01,0.000000000000000000e+00,1.450410148479637371e+02,1.470900000000000034e+02,1.120442563565858182e-02,1.120442563565858182e-02,9.906044579695789665e-01,9.906044579695789665e-01,6.864975310933939534e-01,-2.385687540962666553e-02
7.438615756432469084e+01,7.187825807136744061e+01,-2.507899492957250231e+00,3.272843441641931084e-01,3.150000000000000022e-01,0.000000000000000000e+00,1.400141384147028418e+02,1.470900000000000034e+02,1.130329013285999266e-02,1.130329013285999266e-02,1.017622716289231288e+00,1.017622716289231288e+00,7.996889413156141879e-01,-1.524368073571957805e-02
6.843656627535273174e+01,7.230831021807560433e+01,3.871743942722872589e+00,3.498751626462158759e-01,3.150000000000000022e-01,0.000000000000000000e+00,1.489587197129828269e+02,1.470900000000000034e+02,1.137036824345308630e-02,1.137036824345308630e-02,8.616580814354770634e-01,8.616580814354770634e-01,8.764839675135006614e-01,-9.399754541272509201e-03
7.227304695279494240e+01,7.324273523435844879e+01,9.696882815635063935e-01,3.618698987769695674e-01,3.150000000000000022e-01,0.000000000000000000e+00,1.409984947174258707e+02,1.470900000000000034e+02,1.151612553937892552e-02,1.151612553937892552e-02,8.986951474026109166e-01,8.986951474026109166e-01,9.566544224359911919e-01,3.298797522304885987e-03
7.338709784367995326e+01,7.604230271518606799e+01,2.655204871506114728e+00,3.973550632742038902e-01,3.150000000000000022e-01,0.000000000000000000e+00,1.388079645537105478e+02,1.470900000000000034e+02,1.195288788431090807e-02,1.195288788431090807e-02,9.608420188981898757e-01,9.608420188981898757e-01,4.567316580024872730e-01,4.135006172352118092e-02
7.096691177427229036e+01,7.438034836704375152e+01,3.413436592771461164e+00,3.711280126115249489e-01,3.150000000000000022e-01,0.000000000000000000e+00,1.443145034141984411e+02,1.470900000000000034e+02,1.169359314049071320e-02,1.169359314049071320e-02,9.974835895295798283e-01,9.974835895295798283e-01,7.535092201707583870e-01,1.875998975972725802e-02
7.407207765537295074e+01,7.518615856424106880e+01,1.114080908868118058e+00,3.945293733644182343e-01,3.150000000000000022e-01,0.000000000000000000e+00,1.363878772773433639e+02,1.470900000000000034e+02,1.181930966508062432e-02,1.181930966508062432e-02,9.142203942381789128e-01,9.142203942381789128e-01,6.096145420998086983e-01,2.971256556470946997e-02
7.226636002383082769e+01,7.311057854897491382e+01,8.442185251440861293e-01,3.671021796445163576e-01,3.150000000000000022e-01,0.000000000000000000e+00,1.399491597377277401e+02,1.470900000000000034e+02,1.149551021609880944e-02,1.149551021609880944e-02,9.455165435978759580e-01,9.455165435978759580e-01,9.802538305401939933e-01,1.502765602823918911e-03
6.796238422918132471e+01,7.037696737854324169e+01,2.414583149361916981e+00,3.209555845105431238e-01,3.150000000000000022e-01,0.000000000000000000e+00,1.511374929603119881e+02,1.470900000000000034e+02,1.106914437065633500e-02,1.106914437065633500e-02,9.506716022467331939e-01,9.506716022467331939e-01,5.316013175970069060e-01,-3.564274297766745203e-02
7.088869858618431863e+01,7.556420755778212595e+01,4.675508971597807317e+00,3.887938553408527009e-01,3.150000000000000022e-01,0.000000000000000000e+00,1.440316937649637907e+02,1.470900000000000034e+02,1.187829289658050985e-02,1.187829289658050985e-02,8.846811381187522638e-01,8.846811381187522638e-01,5.421057932531913037e-01,3.485125609352146547e-02
6.825320648818129143e+01,7.410576991389218904e+01,5.852563425710897604e+00,3.883084491969837071e-01,3.150000000000000022e-01,0.000000000000000000e+00,1.467624815145931620e+02,1.470900000000000034e+02,1.165075735683541135e-02,1.165075735683541135e-02,9.824194791017333284e-01,9.824194791017333284e-01,8.025410868049660529e-01,1.502808443398784277e-02
6.929539145740820061e+01,7.566129906347200063e+01,6.365907606063800017e+00,3.921123422455955465e-01,3.150000000000000022e-01,0.000000000000000000e+00,1.470034493214479312e+02,1.470900000000000034e+02,1.189344140852844310e-02,1.189344140852844310e-02,9.461919694910517764e-01,9.461919694910517764e-01,5.247680243799994759e-01,3.617101279204315567e-02
7.220868105784064994e+01,6.780902642517666834e+01,-4.399654632663981602e+00,3.117147294689628922e-01,3.150000000000000022e-01,0.000000000000000000e+00,1.387808241585060500e+02,1.470900000000000034e+02,1.066871868807328996e-02,1.066871868807328996e-02,8.598759297865943285e-01,8.598759297865943285e-01,7.304043306726126783e-02,-7.052831316868879430e-02
6.776438827128120579e+01,6.076515535553218683e+01,-6.999232915749018957e+00,2.443582292739051032e-01,3.150000000000000022e-01,0.000000000000000000e+00,1.459766986597614391e+02,1.470900000000000034e+02,9.570924306483652444e-03,9.570924306483652444e-03,9.273437694262640640e-01,9.273437694262640640e-01,-1.184793686512111588e+00,-1.661694885978187708e-01
7.175355646171239243e+01,7.655933341394704428e+01,4.805776952234651844e+00,3.896327703029133227e-01,3.150000000000000022e-01,0.000000000000000000e+00,1.440421510685601731e+02,1.470900000000000034e+02,1.203356095999223892e-02,1.203356095999223892e-02,9.877148856225356210e-01,9.877148856225356210e-01,3.644047475094557287e-01,4.837839773346952477e-02
6.858375922392551161e+01,7.130337482733739307e+01,2.719615603411881466e+00,3.645660230926870971e-01,3.150000000000000022e-01,0.000000000000000000e+00,1.441938761916834721e+02,1.470900000000000034e+02,1.121362580795564473e-02,1.121362580795564473e-02,9.838699523175767903e-01,9.838699523175767903e-01,6.970312191673913027e-01,-2.305534526208896651e-02
7.061655912798872237e+01,6.854342811479544650e+01,-2.073131013193275862e+00,3.069809539016363220e-01,3.150000000000000022e-01,0.000000000000000000e+00,1.442824378739408360e+02,1.470900000000000034e+02,1.078322541145930284e-02,1.078322541145930284e-02,9.880546370728358063e-01,9.880546370728358063e-01,2.041835919277574796e-01,-6.055234881430904270e-02
7.048321305854339869e+01,7.482407932592836630e+01,4.340866267384967614e+00,3.914389328625483278e-01,3.150000000000000022e-01,0.000000000000000000e+00,1.430547381798932634e+02,1.470900000000000034e+02,1.176281972492286727e-02,1.176281972492286727e-02,9.871554018209375281e-01,9.871554018209375281e-01,6.742715489413628749e-01,2.479109359580977667e-02
6.776626605725766694e+01,6.974310462466186777e+01,1.976838567404200830e+00,3.141657342138503561e-01,3.150000000000000022e-01,0.000000000000000000e+00,1.515022806695829729e+02,1.470900000000000034e+02,1.097029513771019885e-02,1.097029513771019885e-02,9.366753443851044691e-01,9.366753443851044691e-01,4.184115401181900395e-01,-4.425460781117707132e-02
6.750088167765984792e+01,7.575904960382810316e+01,8.258167926168255235e+00,3.966331030021832404e-01,3.150000000000000022e-01,0.000000000000000000e+00,1.503798450792263566e+02,1.470900000000000034e+02,1.190869286331402814e-02,1.190869286331402814e-02,9.129964226050757414e-01,9.129964226050757414e-01,5.073125707449810395e-01,3.749973799519579210e-02
6.917627821550632916e+01,7.163521611419540136e+01,2.458937898689072199e+00,3.370276374941543196e-01,3.150000000000000022e-01,0.000000000000000000e+00,1.482207950306789712e+02,1.470900000000000034e+02,1.126538239844259055e-02,1.126538239844259055e-02,8.168938689590781177e-01,8.168938689590781177e-01,7.562885918206071478e-01,-1.854624844633756542e-02
7.212905090869091396e+01,6.694886929870691006e+01,-5.180181609984003899e+00,2.926229354023205387e-01,3.150000000000000022e-01,0.000000000000000000e+00,1.406782870140183945e+02,1.470900000000000034e+02,1.053461542586309196e-02,1.053461542586309196e-02,9.579889744425565956e-01,9.579889744425565956e-01,-8.055905380233863156e-02,-8.221155170748684071e-02
6.933116914331627356e+01,7.137355817880177256e+01,2.042389035485498994e+00,3.482406885014518449e-01,3.150000000000000022e-01,0.000000000000000000e+00,1.454388599803524755e+02,1.470900000000000034e+02,1.122457202752509368e-02,1.122457202752509368e-02,8.682678114686078752e-01,8.682678114686078752e-01,7.095639605003162265e-01,-2.210169736255107598e-02
7.178427191201160440e+01,7.373127728081385612e+01,1.947005368802251724e+00,3.749906447506280438e-01,3.150000000000000022e-01,0.000000000000000000e+00,1.408591192033312325e+02,1.470900000000000034e+02,1.159233598702507501e-02,1.159233598702507501e-02,9.969029279209401517e-01,9.969029279209401517e-01,8.694147712832398511e-01,9.938343975715913103e-03
6.814358092254622079e+01,7.482102947499141976e+01,6.677448552445198970e+00,3.903288265037973548e-01,3.150000000000000022e-01,0.000000000000000000e+00,1.480946912801942403e+02,1.470900000000000034e+02,1.176234390825830339e-02,1.176234390825830339e-02,9.605670454924523094e-01,9.605670454924523094e-01,6.748161651801032335e-01,2.474963987200595739e-02
6.966183163402141076e+01,7.042518849225959343e+01,7.633568582381826673e-01,3.192967267711670498e-01,3.150000000000000022e-01,0.000000000000000000e+00,1.478873492494317361e+02,1.470900000000000034e+02,1.107666457095847663e-02,1.107666457095847663e-02,9.207371246452705771e-01,9.207371246452705771e-01,5.402122307606411766e-01,-3.498757402397145722e-02
6.773870727668249003e+01,7.666096229894922942e+01,8.922255022266739388e+00,3.932775320232687055e-01,3.150000000000000022e-01,0.000000000000000000e+00,1.521469662859377650e+02,1.470900000000000034e+02,1.204941864844106050e-02,1.204941864844106050e-02,8.406248647768651550e-01,8.406248647768651550e-01,3.462567323304940325e-01,4.975993874722317578e-02
6.972582998423587242e+01,7.680337556411214450e+01,7.077545579876272086e+00,3.998911996805408764e-01,3.150000000000000022e-01,0.000000000000000000e+00,1.471204210562367507e+02,1.470900000000000034e+02,1.207164034677215420e-02,1.207164034677215420e-02,8.954414958529680613e-01,8.954414958529680613e-01,3.208257921228306886e-01,5.169592000569878110e-02
6.866305449580917752e+01,7.494633496597943179e+01,6.283280470170254262e+00,3.977673339621136672e-01,3.150000000000000022e-01,0.000000000000000000e+00,1.461099116975001664e+02,1.470900000000000034e+02,1.178189330249859029e-02,1.178189330249859029e-02,8.583730079370508470e-01,8.583730079370508470e-01,6.524401846465297528e-01,2.645280676320571622e-02
7.002662043602285280e+01,7.278543200681275493e+01,2.758811570789902134e+00,3.435644177749398454e-01,3.150000000000000022e-01,0.000000000000000000e+00,1.476282552094087066e+02,1.470900000000000034e+02,1.144479111453197001e-02,1.144479111453197001e-02,9.758847539621451350e-01,9.758847539621451350e-01,9.616842869308490638e-01,-2.915943922303765312e-03
7.057275585389632511e+01,7.232659508840379203e+01,1.753839234507466927e+00,3.532178003903199137e-01,3.150000000000000022e-01,0.000000000000000000e+00,1.439708310572523260e+02,1.470900000000000034e+02,1.137322031399404069e-02,1.137322031399404069e-02,9.425924492993391635e-01,9.425924492993391635e-01,8.797491229292484505e-01,-9.151278703248388879e-03
7.033418229065850369e+01,6.980801763329387200e+01,-5.261646573646316938e-01,3.130086747076069043e-01,3.150000000000000022e-01,0.000000000000000000e+00,1.463682939758718078e+02,1.470900000000000034e+02,1.098041787498640551e-02,1.098041787498640551e-02,9.777647880494312327e-01,9.777647880494312327e-01,4.300031488024765869e-01,-4.337270268587034572e-02
7.238618742832468911e+01,6.745172456416806028e+01,-4.934462864156628825e+00,3.053179870568622500e-01,3.150000000000000022e-01,0.000000000000000000e+00,1.388621834547244021e+02,1.470900000000000034e+02,1.061301188322166973e-02,1.061301188322166973e-02,9.674419546981973816e-01,9.674419546981973816e-01,9.236529315724051337e-03,-7.538155744171470829e-02
7.143175368198822639e+01,6.548281036569872526e+01,-5.948943316289501126e+00,2.857782474599053213e-01,3.150000000000000022e-01,0.000000000000000000e+00,1.402685462203378393e+02,1.470900000000000034e+02,1.030607715526503029e-02,1.030607715526503029e-02,9.264532524054296392e-01,9.264532524054296392e-01,-3.423552918395147415e-01,-1.021220824927588922e-01
6.697490725612256313e+01,6.639381597963144088e+01,-5.810912764911222439e-01,2.876449116225728297e-01,3.150000000000000022e-01,0.000000000000000000e+00,1.511803010083634149e+02,1.470900000000000034e+02,1.044808602013351864e-02,1.044808602013351864e-02,9.738333175921872753e-01,9.738333175921872753e-01,-1.796757179229582224e-01,-8.975009828045887872e-02
7.370980235334110375e+01,7.733708397575692572e+01,3.627281622415821971e+00,3.974822446552860322e-01,3.150000000000000022e-01,0.000000000000000000e+00,1.405218436606324417e+02,1.470900000000000034e+02,1.215492060677679682e-02,1.215492060677679682e-02,9.798136577185000418e-01,9.798136577185000418e-01,2.255207186148339149e-01,5.895139706995022877e-02
7.369199868287890354e+01,7.366083641275108107e+01,-3.116227012782246675e-02,3.648595975335654495e-01,3.150000000000000022e-01,0.000000000000000000e+00,1.386261427943429680e+02,1.470900000000000034e+02,1.158134732033693631e-02,1.158134732033693631e-02,9.423717535860445249e-01,9.423717535860445249e-01,8.819934977230211581e-01,8.980998031814735327e-03
6.646691690998157753e+01,7.475686111972255787e+01,8.289944209740980341e+00,3.773814660238556384e-01,3.150000000000000022e-01,0.000000000000000000e+00,1.537465350427782482e+02,1.470900000000000034e+02,1.175233283248672267e-02,1.175233283248672267e-02,9.411749422381296970e-01,9.411749422381296970e-01,6.862748000495428879e-01,2.387746283215119725e-02
7.056088775967988624e+01,7.343070133492791740e+01,2.869813575248031157e+00,3.871968598553220953e-01,3.150000000000000022e-01,0.000000000000000000e+00,1.408752562078951200e+02,1.470900000000000034e+02,1.154544706221043333e-02,1.154544706221043333e-02,9.200170286831544919e-01,9.200170286831544919e-01,9.230890473343004166e-01,5.853324085755451378e-03
7.525709872262692102e+01,7.010479247848677176e+01,-5.152306244140149261e+00,3.143845185750918092e-01,3.150000000000000022e-01,0.000000000000000000e+00,1.372046769081271407e+02,1.470900000000000034e+02,1.102669867588561455e-02,1.102669867588561455e-02,9.591478434646161233e-01,9.591478434646161233e-01,4.829986568726373219e-01,-3.934066328757035436e-02
6.972217546218332984e+01,6.158079210237900014e+01,-8.141383359804329700e+00,2.390781629667057817e-01,3.150000000000000022e-01,0.000000000000000000e+00,1.450445792545420716e+02,1.470900000000000034e+02,9.697994416362633319e-03,9.697994416362633319e-03,9.482422431456566381e-01,9.482422431456566381e-01,-1.039144267432323687e+00,-1.550989868039069908e-01
6.917386154621867433e+01,7.470342937891103929e+01,5.529567832692364959e+00,3.947522616285997765e-01,3.150000000000000022e-01,0.000000000000000000e+00,1.450165247975107263e+02,1.470900000000000034e+02,1.174399684464523877e-02,1.174399684464523877e-02,1.006090144102545159e+00,1.006090144102545159e+00,6.958161823373141264e-01,2.315122148049830741e-02
7.166248084188984535e+01,7.317942977415428629e+01,1.516948932264440941e+00,3.413120374965445958e-01,3.150000000000000022e-01,0.000000000000000000e+00,1.454413460044997350e+02,1.470900000000000034e+02,1.150625039459962640e-02,1.150625039459962640e-02,9.888775580936611798e-01,9.888775580936611798e-01,9.679589689010202891e-01,2.438462955045350711e-03
7.089540464733846648e+01,6.620204656278571065e+01,-4.693358084552755827e+00,2.885493245773471660e-01,3.150000000000000022e-01,0.000000000000000000e+00,1.423119849776711305e+02,1.470900000000000034e+02,1.041819154878375654e-02,1.041819154878375654e-02,1.000650237018534838e+00,1.000650237018534838e+00,-2.139202566454101451e-01,-9.235454081238692048e-02
7.131931821210248756e+01,7.331553595547242708e+01,1.996217743369939512e+00,3.555704044676552544e-01,3.150000000000000022e-01,0.000000000000000000e+00,1.440232976493859098e+02,1.470900000000000034e+02,1.152748193530776614e-02,1.152748193530776614e-02,8.748333148126361536e-01,8.748333148126361536e-01,9.436542936656380220e-01,4.288180482800774129e-03
7.512579686329448236e+01,7.222486754450497415e+01,-2.900929318789508216e+00,3.691043296338535340e-01,3.150000000000000022e-01,0.000000000000000000e+00,1.327482227723308768e+02,1.470900000000000034e+02,1.135735293012874597e-02,1.135735293012874597e-02,9.015438216425126772e-01,9.015438216425126772e-01,8.615834900901737647e-01,-1.053366439342140470e-02
6.738867398802658215e+01,7.148536370845096144e+01,4.096689720424379288e+00,3.376143887765813978e-01,3.150000000000000022e-01,0.000000000000000000e+00,1.516982009368283002e+02,1.470900000000000034e+02,1.124201003862602792e-02,1.124201003862602792e-02,9.402920454415624185e-01,9.402920454415624185e-01,7.295292336519570986e-01,-2.058247672632906866e-02
7.249300085393076643e+01,7.423892864056578844e+01,1.745927786635022017e+00,3.661237279205812878e-01,3.150000000000000022e-01,0.000000000000000000e+00,1.418030110706085622e+02,1.470900000000000034e+02,1.167153074507600030e-02,1.167153074507600030e-02,9.270501649818970735e-01,9.270501649818970735e-01,7.787627427561090165e-01,1.683788716416634301e-02
6.755601113237787558e+01,6.653741618009817671e+01,-1.018594952279698873e+00,2.925025870744087930e-01,3.150000000000000022e-01,0.000000000000000000e+00,1.492207132887982084e+02,1.470900000000000034e+02,1.047047191532834813e-02,1.047047191532834813e-02,9.712825281063448557e-01,9.712825281063448557e-01,-1.540328249824696183e-01,-8.779981199245057155e-02
6.885603058119092168e+01,7.046035104335119570e+01,1.604320462160274019e+00,3.349246131722912745e-01,3.150000000000000022e-01,0.000000000000000000e+00,1.468495185869751936e+02,1.470900000000000034e+02,1.108214827816059872e-02,1.108214827816059872e-02,9.053493938471126601e-01,9.053493938471126601e-01,5.464912577412844863e-01,-3.450982681437031463e-02
7.380671399262806176e+01,6.963889628145938104e+01,-4.167817711168680717e+00,3.255198244824206721e-01,3.150000000000000022e-01,0.000000000000000000e+00,1.370410755777135705e+02,1.470900000000000034e+02,1.095404469607105975e-02,1.095404469607105975e-02,9.643826016263337131e-01,9.643826016263337131e-01,3.998029074034602504e-01,-4.567036595830775703e-02
6.750701607006683957e+01,7.450816977083243842e+01,7.001153700765598842e+00,3.876980829527195138e-01,3.150000000000000022e-01,0.000000000000000000e+00,1.492667561663571121e+02,1.470900000000000034e+02,1.171353433194098626e-02,1.171353433194098626e-02,9.288171521883971105e-01,9.288171521883971105e-01,7.306839694942071084e-01,2.049729049814041915e-02
7.015509321344809734e+01,7.445572833574686911e+01,4.300635122298771762e+00,3.697474290423702348e-01,3.150000000000000022e-01,0.000000000000000000e+00,1.463383632839864674e+02,1.470900000000000034e+02,1.170535301075845309e-02,1.170535301075845309e-02,8.873553503247989527e-01,8.873553503247989527e-01,7.400485114737731518e-01,1.978452389304274917e-02
7.086143487082526349e+01,7.450940232320796497e+01,3.647967452382701481e+00,3.868982175564865122e-01,3.150000000000000022e-01,0.000000000000000000e+00,1.423707880417452429e+02,1.470900000000000034e+02,1.171372662128631476e-02,1.171372662128631476e-02,9.203715539331268625e-01,9.203715539331268625e-01,7.304638708557202875e-01,2.051404297867587267e-02
6.935995783684643357e+01,7.393794670533995372e+01,4.577988868493520158e+00,3.823045745575459620e-01,3.150000000000000022e-01,0.000000000000000000e+00,1.450203600975749509e+02,1.470900000000000034e+02,1.162457647601024963e-02,1.162457647601024963e-02,9.689083216809472043e-01,9.689083216809472043e-01,8.325095169035795495e-01,1.274717440394868007e-02
6.953199493300135714e+01,7.154793272284531724e+01,2.015937789843960104e+00,3.340640475479647042e-01,3.150000000000000022e-01,0.000000000000000000e+00,1.478114762062938041e+02,1.470900000000000034e+02,1.125176883900018410e-02,1.125176883900018410e-02,1.006797342601566614e+00,1.006797342601566614e+00,7.407022719366636032e-01,-1.973227822448297974e-02
7.624864803345096220e+01,6.702942384864512348e+01,-9.219224184805838718e+00,2.888146066192476269e-01,3.150000000000000022e-01,0.000000000000000000e+00,1.339931747784457912e+02,1.470900000000000034e+02,1.054717381206685296e-02,1.054717381206685296e-02,9.427466842289238258e-01,9.427466842289238258e-01,-6.617431274194340851e-02,-8.111744989920333104e-02
6.369850575087202316e+01,6.969975347492471940e+01,6.001247724052696242e+00,3.246960207176373681e-01,3.150000000000000022e-01,0.000000000000000000e+00,1.588843743215292363e+02,1.470900000000000034e+02,1.096353485939072572e-02,1.096353485939072572e-02,9.264297532107036437e-01,9.264297532107036437e-01,4.106702633794135915e-01,-4.484357144184003552e-02
6.828663930244414360e+01,7.222360894965689226e+01,3.936969647212748669e+00,3.643964715225846418e-01,3.150000000000000022e-01,0.000000000000000000e+00,1.466974264557642300e+02,1.470900000000000034e+02,1.135715661637307604e-02,1.135715661637307604e-02,1.027017846597513495e+00,1.027017846597513495e+00,8.613587410101591901e-01,-1.055076748545780152e-02
6.709105390591822982e+01,7.285266107873601982e+01,5.761607172817790001e+00,3.706967922806626570e-01,3.150000000000000022e-01,0.000000000000000000e+00,1.495476362772874666e+02,1.470900000000000034e+02,1.145527795489917691e-02,1.145527795489917691e-02,9.911467419391759570e-01,9.911467419391759570e-01,9.736894783457178404e-01,-2.002317694954180993e-03
7.404452267304429824e+01,7.330792320179889998e+01,-7.365994712453982629e-01,3.621787458475080879e-01,3.150000000000000022e-01,0.000000000000000000e+00,1.377224647336365706e+02,1.470900000000000034e+02,1.152629439642609624e-02,1.152629439642609624e-02,9.069997886740385207e-01,9.069997886740385207e-01,9.450137139644820827e-01,4.184720657886886741e-03
7.121135610683595019e+01,6.702612723917090420e+01,-4.185228867665045982e+00,2.925874207178718045e-01,3.150000000000000022e-01,0.000000000000000000e+00,1.426448923536885900e+02,1.470900000000000034e+02,1.054665987133286513e-02,1.054665987133286513e-02,9.789325769240803110e-01,9.789325769240803110e-01,-6.676299300519672464e-02,-8.116222503808534494e-02
7.540770895013000086e+01,7.347923148077464361e+01,-1.928477469355357243e+00,3.537712717518631811e-01,3.150000000000000022e-01,0.000000000000000000e+00,1.368481961721339815e+02,1.470900000000000034e+02,1.155301753469254247e-02,1.155301753469254247e-02,9.951458203538003922e-01,9.951458203538003922e-01,9.144229498616707197e-01,6.512872812625802865e-03
6.974314667050451533e+01,7.366988605962498582e+01,3.926739389120470491e+00,3.689793296914587462e-01,3.150000000000000022e-01,0.000000000000000000e+00,1.457765636243382517e+02,1.470900000000000034e+02,1.158275904760533784e-02,1.158275904760533784e-02,9.627368994664992075e-01,9.627368994664992075e-01,8.803774893526810086e-01,9.103989420365721230e-03
7.010156883245309700e+01,6.599357368423405035e+01,-4.107995148219046655e+00,2.804607388318098860e-01,3.150000000000000022e-01,0.000000000000000000e+00,1.450842977731593066e+02,1.470900000000000034e+02,1.038569392413492450e-02,1.038569392413492450e-02,9.889352241858280212e-01,9.889352241858280212e-01,-2.511475563867779925e-01,-9.518577321090615495e-02
7.313641160533381935e+01,7.191094411825321231e+01,-1.225467487080607043e+00,3.614355447769656560e-01,3.150000000000000022e-01,0.000000000000000000e+00,1.368979895052227675e+02,1.470900000000000034e+02,1.130838830358927780e-02,1.130838830358927780e-02,9.733001769653722990e-01,9.733001769653722990e-01,8.055257354023591665e-01,-1.479952193033284846e-02
7.053103242805670448e+01,6.735112777478809676e+01,-3.179904653268607717e+00,2.995987099100226314e-01,3.150000000000000022e-01,0.000000000000000000e+00,1.433461533166092750e+02,1.470900000000000034e+02,1.059732824775187592e-02,1.059732824775187592e-02,9.726706228346254646e-01,9.726706228346254646e-01,-8.727183073555133674e-03,-7.674793474924024306e-02
7.394364180462090985e+01,6.425178281031257654e+01,-9.691858994308333308e+00,2.717776253549817334e-01,3.150000000000000022e-01,0.000000000000000000e+00,1.356940721577880424e+02,1.470900000000000034e+02,1.011420586421347273e-02,1.011420586421347273e-02,8.775954145011706231e-01,8.775954145011706231e-01,-5.621816410156128541e-01,-1.188381416337277452e-01
7.138567190036053489e+01,6.660188495035261269e+01,-4.783786950007922201e+00,2.909087574731267223e-01,3.150000000000000022e-01,0.000000000000000000e+00,1.417305192351400933e+02,1.470900000000000034e+02,1.048052209159050854e-02,1.048052209159050854e-02,9.545207633113220735e-01,9.545207633113220735e-01,-1.425205445798918280e-01,-8.692422847052450052e-02
6.901344960125038597e+01,6.303154347449330430e+01,-5.981906126757081665e+00,2.715493639766557443e-01,3.150000000000000022e-01,0.000000000000000000e+00,1.426079018429409189e+02,1.470900000000000034e+02,9.924043247721404601e-03,9.924043247721404601e-03,8.914288232414151469e-01,8.914288232414151469e-01,-7.800815224119117541e-01,-1.354053389786845640e-01
7.363571596481290271e+01,7.571156114125295744e+01,2.075845176440054729e+00,3.895953510995271984e-01,3.150000000000000022e-01,0.000000000000000000e+00,1.388461552589544112e+02,1.470900000000000034e+02,1.190128349674244961e-02,1.190128349674244961e-02,1.003910385205691869e+00,1.003910385205691869e+00,5.157926533476857589e-01,3.685422501027324493e-02
6.657441127896726130e+01,7.557659430123283073e+01,9.002183022265569434e+00,3.844049835094412448e-01,3.150000000000000022e-01,0.000000000000000000e+00,1.540236925724742321e+02,1.470900000000000034e+02,1.188022550743195183e-02,1.188022550743195183e-02,9.804356448428639403e-01,9.804356448428639403e-01,5.398938747798511795e-01,3.501962749036824363e-02
7.237870052331277293e+01,7.465410643589133599e+01,2.275405912578563061e+00,3.785854409425015166e-01,3.150000000000000022e-01,0.000000000000000000e+00,1.409028315263092850e+02,1.470900000000000034e+02,1.173630191063175510e-02,1.173630191063175510e-02,8.598418971790924292e-01,8.598418971790924292e-01,7.046238507336897161e-01,2.248082951435126375e-02
7.121184135461678011e+01,7.172545465827475653e+01,5.136133036579764166e-01,3.548043058620302670e-01,3.150000000000000022e-01,0.000000000000000000e+00,1.412578267975348183e+02,1.470900000000000034e+02,1.127945698532437264e-02,1.127945698532437264e-02,9.356732342998410612e-01,9.356732342998410612e-01,7.724026175490634749e-01,-1.732005339958953005e-02
6.693268630840549349e+01,7.414552950359706074e+01,7.212843195191567247e+00,3.751221709706525353e-01,3.150000000000000022e-01,0.000000000000000000e+00,1.518120125665690807e+02,1.470900000000000034e+02,1.165696001581746979e-02,1.165696001581746979e-02,9.268594657291513439e-01,9.268594657291513439e-01,7.954411600719532016e-01,1.556846759296437455e-02
6.877493350118726312e+01,7.069237051159468876e+01,1.917437010407425646e+00,3.512374168918857009e-01,3.150000000000000022e-01,0.000000000000000000e+00,1.447204721641189167e+02,1.470900000000000034e+02,1.111833287759314039e-02,1.111833287759314039e-02,9.954293527168055489e-01,9.954293527168055489e-01,5.879233056419083114e-01,-3.135738070952753809e-02
7.007350415676320665e+01,7.275210646712584150e+01,2.678602310362634853e+00,3.630253021704293870e-01,3.150000000000000022e-01,0.000000000000000000e+00,1.442407398583949885e+02,1.470900000000000034e+02,1.143959279674035441e-02,1.143959279674035441e-02,1.055748616597818934e+00,1.055748616597818934e+00,9.557332977010430941e-01,-3.368827660991224882e-03
6.208490889653539568e+01,6.867526116948089054e+01,6.590352272945494860e+00,3.158325575126301743e-01,3.150000000000000022e-01,0.000000000000000000e+00,1.623746893944822602e+02,1.470900000000000034e+02,1.080378150990196108e-02,1.080378150990196108e-02,8.571188431929088747e-01,8.571188431929088747e-01,2.277252088358725501e-01,-5.876147663436037671e-02
6.962472968024567876e+01,7.044832926949560203e+01,8.235995892499232696e-01,3.121450994734061846e-01,3.150000000000000022e-01,0.000000000000000000e+00,1.493555661690340628e+02,1.470900000000000034e+02,1.108027344377539650e-02,1.108027344377539650e-02,8.931493940118209185e-01,8.931493940118209185e-01,5.443445124099284271e-01,-3.467316465553871296e-02
7.098139204196662888e+01,7.185636225984923442e+01,8.749702178826055388e-01,3.504102705905834947e-01,3.150000000000000022e-01,0.000000000000000000e+00,1.426809237721280397e+02,1.470900000000000034e+02,1.129987496578103642e-02,1.129987496578103642e-02,9.255949967801287981e-01,9.255949967801287981e-01,7.957789749730773687e-01,-1.554121422577570133e-02
7.299124800436334226e+01,7.496918951575126755e+01,1.977941511387925289e+00,3.835833541813833403e-01,3.150000000000000022e-01,0.000000000000000000e+00,1.395738054291661854e+02,1.470900000000000034e+02,1.178545895072602781e-02,1.178545895072602781e-02,9.473486168497696758e-01,9.473486168497696758e-01,6.483590150444161759e-01,2.676345035307825526e-02
6.666263598542857949e+01,7.535683312478360563e+01,8.694197139355026138e+00,3.978439580758642014e-01,3.150000000000000022e-01,0.000000000000000000e+00,1.512683705823815217e+02,1.470900000000000034e+02,1.184593810064360486e-02,1.184593810064360486e-02,9.296647322802753521e-01,9.296647322802753521e-01,5.791369420029270909e-01,3.203246710528273589e-02
7.396044187763425271e+01,7.611751349603811434e+01,2.157071618403861635e+00,3.944213188884679866e-01,3.150000000000000022e-01,0.000000000000000000e+00,1.382871065725643689e+02,1.470900000000000034e+02,1.196462293274985766e-02,1.196462293274985766e-02,9.232579328087968662e-01,9.232579328087968662e-01,4.433011614217646779e-01,4.237243334906515280e-02
7.085760066073245866e+01,7.257994004121920284e+01,1.722339380486744176e+00,3.478659390307441424e-01,3.150000000000000022e-01,0.000000000000000000e+00,1.447781773237427387e+02,1.470900000000000034e+02,1.141273748545120793e-02,1.141273748545120793e-02,8.381270058467485962e-01,8.381270058467485962e-01,9.249892930748575548e-01,-5.708494889466009248e-03
7.018413157026205340e+01,7.567278310893492232e+01,5.488651538672868924e+00,3.903976641276033499e-01,3.150000000000000022e-01,0.000000000000000000e+00,1.454334904552767682e+02,1.470900000000000034e+02,1.189523319196988081e-02,1.189523319196988081e-02,9.294494739267168404e-01,9.294494739267168404e-01,5.227173019759062678e-01,3.632711513445574525e-02
7.350132504500805908e+01,7.094520887930315212e+01,-2.556116165704906962e+00,3.379160009032656231e-01,3.150000000000000022e-01,0.000000000000000000e+00,1.380857083344673697e+02,1.470900000000000034e+02,1.115776518330468745e-02,1.115776518330468745e-02,9.601501960116590739e-01,9.601501960116590739e-01,6.330730141612768147e-01,-2.792199050223576062e-02
7.182768965156394358e+01,7.095917636355365232e+01,-8.685132880102912623e-01,3.370981034842315260e-01,3.150000000000000022e-01,0.000000000000000000e+00,1.414435884269618100e+02,1.470900000000000034e+02,1.115994355896568133e-02,1.115994355896568133e-02,9.696547190862073728e-01,9.696547190862073728e-01,6.355672077774374706e-01,-2.773220777767659850e-02
7.313873576631254991e+01,7.632637288660197328e+01,3.187637120289423365e+00,3.933641544692246805e-01,3.150000000000000022e-01,0.000000000000000000e+00,1.403638353684898163e+02,1.470900000000000034e+02,1.199721137689900574e-02,1.199721137689900574e-02,1.014754791338315032e+00,1.014754791338315032e+00,4.060048416782184866e-01,4.521157805239095495e-02
6.908610043288651070e+01,6.892961580124269005e+01,-1.564846316438206486e-01,3.342287950930376006e-01,3.150000000000000022e-01,0.000000000000000000e+00,1.433309640370017348e+02,1.470900000000000034e+02,1.084344257852824789e-02,1.084344257852824789e-02,8.916530985186865710e-01,8.916530985186865710e-01,2.731456787933367325e-01,-5.530615632501367784e-02
6.752469144681153068e+01,6.552133413918220128e+01,-2.003357307629329398e+00,2.713840993645265653e-01,3.150000000000000022e-01,0.000000000000000000e+00,1.514534353942863731e+02,1.470900000000000034e+02,1.031208200690718682e-02,1.031208200690718682e-02,9.035497011006855539e-01,9.035497011006855539e-01,-3.354760465746082776e-01,-1.015989325486849060e-01
6.962860849523607953e+01,7.500522047078574417e+01,5.376611975549664635e+00,3.700370397561356661e-01,3.150000000000000022e-01,0.000000000000000000e+00,1.484697920587214526e+02,1.470900000000000034e+02,1.179108032677506947e-02,1.179108032677506947e-02,9.204405010806784304e-01,9.204405010806784304e-01,6.419249159311166686e-01,2.725319143927418253e-02
7.146025189012760848e+01,7.323428455684464211e+01,1.774032666717033635e+00,3.659012382998563240e-01,3.150000000000000022e-01,0.000000000000000000e+00,1.419411229369522118e+02,1.470900000000000034e+02,1.151480729825452194e-02,1.151480729825452194e-02,9.800140395408675209e-01,9.800140395408675209e-01,9.581634719920281151e-01,3.183950759785947326e-03
7.079127052536840381e+01,7.566762892264445384e+01,4.876358397276050027e+00,3.892859657614603508e-01,3.150000000000000022e-01,0.000000000000000000e+00,1.443508481796723117e+02,1.470900000000000034e+02,1.189442901647224347e-02,1.189442901647224347e-02,1.073569576704357820e+00,1.073569576704357820e+00,5.236376923849184184e-01,3.625705439162896226e-02
7.330058926763024374e+01,7.203909173334017169e+01,-1.261497534290072053e+00,3.547589002851784801e-01,3.150000000000000022e-01,0.000000000000000000e+00,1.378635028766489938e+02,1.470900000000000034e+02,1.132837613326764629e-02,1.132837613326764629e-02,9.786117380269634403e-01,9.786117380269634403e-01,8.284092380964590552e-01,-1.305815801303145118e-02
6.660684053450778208e+01,7.292186563921762854e+01,6.315025104709846460e+00,3.524202411493073672e-01,3.150000000000000022e-01,0.000000000000000000e+00,1.538572689341065427e+02,1.470900000000000034e+02,1.146607300936487543e-02,1.146607300936487543e-02,1.016875766907634482e+00,1.016875766907634482e+00,9.860474355745765251e-01,-1.061839482243809307e-03
7.406328024367036278e+01,7.311105363047371952e+01,-9.522266131966432567e-01,3.714042884050715587e-01,3.150000000000000022e-01,0.000000000000000000e+00,1.359385658470637566e+02,1.470900000000000034e+02,1.149558432436663565e-02,1.149558432436663565e-02,9.036275380214688902e-01,9.036275380214688902e-01,9.801689945582643393e-01,1.509222004826726860e-03
7.663860001741127803e+01,7.126021173928882035e+01,-5.378388278122457677e+00,3.544095933561396405e-01,3.150000000000000022e-01,0.000000000000000000e+00,1.305355581327286245e+02,1.470900000000000034e+02,1.120689386691621839e-02,1.120689386691621839e-02,1.019017722722581398e+00,1.019017722722581398e+00,6.893235248730033016e-01,-2.364184011461145651e-02
7.700308975622181151e+01,7.132579168885288823e+01,-5.677298067368923284e+00,3.547160668959471463e-01,3.150000000000000022e-01,0.000000000000000000e+00,1.299950696178737815e+02,1.470900000000000034e+02,1.121712206947842079e-02,1.121712206947842079e-02,8.563803455400315068e-01,8.563803455400315068e-01,7.010342301523011521e-01,-2.275074672592070080e-02
6.900618451119350993e+01,7.297440371008306670e+01,3.968219198889556765e+00,3.745475498975314732e-01,3.150000000000000022e-01,0.000000000000000000e+00,1.450656255832262218e+02,1.470900000000000034e+02,1.147426834122040190e-02,1.147426834122040190e-02,1.004164734342221088e+00,1.004164734342221088e+00,9.954292339434047676e-01,-3.478522503550518508e-04
6.488899755090227472e+01,6.826032388170870036e+01,3.371326330806425631e+00,3.325839615990183740e-01,3.150000000000000022e-01,0.000000000000000000e+00,1.513481111149611422e+02,1.470900000000000034e+02,1.073908324373722654e-02,1.073908324373722654e-02,1.084052969130692379e+00,1.084052969130692379e+00,1.536292645908384769e-01,-6.439806790135327308e-02
6.733131170489801320e+01,7.784142024440161833e+01,1.051010853950360513e+01,3.999156885122444605e-01,3.150000000000000022e-01,0.000000000000000000e+00,1.543550676792214063e+02,1.470900000000000034e+02,1.223362069885776914e-02,1.223362069885776914e-02,9.868458903597816523e-01,9.868458903597816523e-01,1.354606706425672824e-01,6.580784436029407658e-02
6.658440224069860847e+01,7.089568441346867189e+01,4.311282172770063426e+00,3.477928182735464668e-01,3.150000000000000022e-01,0.000000000000000000e+00,1.504608125968352681e+02,1.470900000000000034e+02,1.115004134620756378e-02,1.115004134620756378e-02,9.200516877286520900e-01,9.200516877286520900e-01,6.242293595479767587e-01,-2.859490054001745385e-02
6.923405076415069459e+01,7.420232338027791741e+01,4.968272616127222818e+00,3.863935175548551260e-01,3.150000000000000022e-01,0.000000000000000000e+00,1.451741537112905007e+02,1.470900000000000034e+02,1.166582012913276560e-02,1.166582012913276560e-02,1.053672920537282121e+00,1.053672920537282121e+00,7.852993963789430820e-01,1.634037139036137454e-02
6.762916090083386678e+01,7.546171565257498060e+01,7.832554751741113819e+00,3.855807565413584825e-01,3.150000000000000022e-01,0.000000000000000000e+00,1.512247333818916104e+02,1.470900000000000034e+02,1.186230192527848101e-02,1.186230192527848101e-02,9.397332041789628887e-01,9.397332041789628887e-01,5.604079191830386719e-01,3.345810331625442835e-02
7.425012832680141628e+01,7.671027281806554754e+01,2.460144491264131261e+00,3.889882441486980369e-01,3.150000000000000022e-01,0.000000000000000000e+00,1.395952682621571341e+02,1.470900000000000034e+02,1.205711287239385338e-02,1.205711287239385338e-02,1.023020745241073781e+00,1.023020745241073781e+00,3.374512824882943685e-01,5.043026885202328558e-02
6.989038855819974572e+01,7.341903568681178172e+01,3.528647128612035999e+00,3.786669554645183955e-01,3.150000000000000022e-01,0.000000000000000000e+00,1.434765893876612211e+02,1.470900000000000034e+02,1.154362728113887682e-02,1.154362728113887682e-02,1.033885735687307017e+00,1.033885735687307017e+00,9.251721987836103445e-01,5.694782555915045563e-03
7.297815782006848906e+01,7.498049858287608060e+01,2.002340762807591545e+00,3.951245592440517096e-01,3.150000000000000022e-01,0.000000000000000000e+00,1.379596080479705336e+02,1.470900000000000034e+02,1.178722333513111675e-02,1.178722333513111675e-02,8.685924337040624721e-01,8.685924337040624721e-01,6.463395387721281304e-01,2.691716565827695362e-02
7.401126236840175920e+01,7.472352777030106097e+01,7.122654018993017644e-01,3.728550368864067543e-01,3.150000000000000022e-01,0.000000000000000000e+00,1.387921920914805014e+02,1.470900000000000034e+02,1.174713242875187122e-02,1.174713242875187122e-02,9.141828367498038288e-01,9.141828367498038288e-01,6.922271838748101924e-01,2.342439736356416446e-02
7.001271113828818216e+01,7.189001007294480416e+01,1.877298934656622009e+00,3.468590743406685384e-01,3.150000000000000022e-01,0.000000000000000000e+00,1.452989568820469799e+02,1.470900000000000034e+02,1.130512313684043507e-02,1.130512313684043507e-02,8.599368201416262014e-01,8.599368201416262014e-01,8.017875130258577121e-01,-1.508398721005055343e-02
7.550941402783703893e+01,7.016088734437902019e+01,-5.348526683458018738e+00,3.364913972429561806e-01,3.150000000000000022e-01,0.000000000000000000e+00,1.331907077751274073e+02,1.470900000000000034e+02,1.103544658427601036e-02,1.103544658427601036e-02,9.176613454353359511e-01,9.176613454353359511e-01,4.930155972105387807e-01,-3.857853491905727239e-02
6.958406788238815466e+01,7.492753182964939640e+01,5.343463947261241742e+00,3.678530993587483255e-01,3.150000000000000022e-01,0.000000000000000000e+00,1.487649497711133506e+02,1.470900000000000034e+02,1.177895973974257479e-02,1.177895973974257479e-02,9.090530102474386753e-01,9.090530102474386753e-01,6.557978875626073734e-01,2.619723122475736687e-02
7.132561131002614729e+01,6.844003701387832450e+01,-2.885574296147822793e+00,3.239552488627379656e-01,3.150000000000000022e-01,0.000000000000000000e+00,1.396193487893222311e+02,1.470900000000000034e+02,1.076710432168854863e-02,1.076710432168854863e-02,9.706398276502468114e-01,9.706398276502468114e-01,1.857208953354142489e-01,-6.195683767008253184e-02
7.040090237132585571e+01,7.643901770586897726e+01,6.038115334543121548e+00,3.955903236821636804e-01,3.150000000000000022e-01,0.000000000000000000e+00,1.456673964268538271e+02,1.470900000000000034e+02,1.201478762959285775e-02,1.201478762959285775e-02,9.753997280109019119e-01,9.753997280109019119e-01,3.858896953805391883e-01,4.674284246353255234e-02
7.489184930824507092e+01,7.183150338092004006e+01,-3.060345927325030857e+00,3.415519909840200041e-01,3.150000000000000022e-01,0.000000000000000000e+00,1.366322122483788064e+02,1.470900000000000034e+02,1.129599764677247098e-02,1.129599764677247098e-02,9.330615900248947492e-01,9.330615900248947492e-01,7.913398894500069947e-01,-1.587901095138477547e-02
7.191339654177521368e+01,7.083249085144070989e+01,-1.080905690334503788e+00,3.135852756472948810e-01,3.150000000000000022e-01,0.000000000000000000e+00,1.451574524149099830e+02,1.470900000000000034e+02,1.114018572812554633e-02,1.114018572812554633e-02,8.859501114955750101e-01,8.859501114955750101e-01,6.129447949001263218e-01,-2.945353391777238983e-02
7.001574796344499418e+01,7.148182912749776108e+01,1.466081164052766894e+00,3.357403453518836289e-01,3.150000000000000022e-01,0.000000000000000000e+00,1.463707583696379118e+02,1.470900000000000034e+02,1.124145875671120516e-02,1.124145875671120516e-02,8.729954502752608203e-01,8.729954502752608203e-01,7.288980584817428277e-01,-2.063050507408781264e-02
7.200237921945826258e+01,6.911760472750819417e+01,-2.884774491950068409e+00,3.225713525223523614e-01,3.150000000000000022e-01,0.000000000000000000e+00,1.399136030488784570e+02,1.470900000000000034e+02,1.087275600413261691e-02,1.087275600413261691e-02,9.724170777264418142e-01,9.724170777264418142e-01,3.067151299121768648e-01,-5.275233520179323232e-02
6.894905284659789402e+01,6.831934682763623812e+01,-6.297060189616559001e-01,2.980889278796521324e-01,3.150000000000000022e-01,0.000000000000000000e+00,1.489920080935849853e+02,1.470900000000000034e+02,1.074828611299052938e-02,1.074828611299052938e-02,9.528809473352064519e-01,9.528809473352064519e-01,1.641690763636131090e-01,-6.359630279172323597e-02
6.973507644559037999e+01,6.478553803737936789e+01,-4.949538408211012097e+00,2.614909766192299312e-01,3.150000000000000022e-01,0.000000000000000000e+00,1.472101691953468503e+02,1.470900000000000034e+02,1.019739508572713518e-02,1.019739508572713518e-02,9.066453201161885911e-01,9.066453201161885911e-01,-4.668682076108285894e-01,-1.115905959530149039e-01
7.089609647315141672e+01,6.552285431717501751e+01,-5.373242155976399204e+00,2.945175927737582189e-01,3.150000000000000022e-01,0.000000000000000000e+00,1.397249621467630618e+02,1.470900000000000034e+02,1.031231896354192941e-02,1.031231896354192941e-02,9.725759324651419568e-01,9.725759324651419568e-01,-3.352045862187482683e-01,-1.015782885998248730e-01
6.704015866878583552e+01,7.663848018863714628e+01,9.598321519851310768e+00,3.974804566702140329e-01,3.150000000000000022e-01,0.000000000000000000e+00,1.530185186304281615e+02,1.470900000000000034e+02,1.204591063602860473e-02,1.204591063602860473e-02,9.535765641745302945e-01,9.535765641745302945e-01,3.502713948862231641e-01,4.945431645932130138e-02
6.924457300179838626e+01,7.022928445054050428e+01,9.847114487421180229e-01,3.330001836916485214e-01,3.150000000000000022e-01,0.000000000000000000e+00,1.458930580137709399e+02,1.470900000000000034e+02,1.104611307143356716e-02,1.104611307143356716e-02,9.401162078767975050e-01,9.401162078767975050e-01,5.052293661679466696e-01,-3.764925764586590784e-02
7.173829729304365799e+01,7.195046979604606463e+01,2.121725030024066427e-01,3.393236627380814552e-01,3.150000000000000022e-01,0.000000000000000000e+00,1.432028363353922202e+02,1.470900000000000034e+02,1.131455329834224477e-02,1.131455329834224477e-02,1.047284154370783815e+00,1.047284154370783815e+00,8.125838921510828428e-01,-1.426242012458822650e-02
6.779327938266483500e+01,7.540042962621862443e+01,7.607150243553789437e+00,3.851688805395725446e-01,3.150000000000000022e-01,0.000000000000000000e+00,1.508046515785309225e+02,1.470900000000000034e+02,1.185274003195832017e-02,1.185274003195832017e-02,1.057982817019270216e+00,1.057982817019270216e+00,5.713518524609595417e-01,3.262505959531303290e-02
7.203741067292580169e+01,7.062977752998688175e+01,-1.407633142938919946e+00,3.358001365327943910e-01,3.150000000000000022e-01,0.000000000000000000e+00,1.406025879743551172e+02,1.470900000000000034e+02,1.110857111061394099e-02,1.110857111061394099e-02,1.002611889872432771e+00,1.002611889872432771e+00,5.767459874976570422e-01,-3.220783766559609518e-02
7.191065853660819585e+01,7.371280240437212683e+01,1.802143867763930984e+00,3.988190065966628617e-01,3.150000000000000022e-01,0.000000000000000000e+00,1.371291552797544000e+02,1.470900000000000034e+02,1.158945392846904773e-02,1.158945392846904773e-02,9.878141732302296862e-01,9.878141732302296862e-01,8.727138563621200662e-01,9.687255545517414745e-03
7.034428897909484135e+01,7.473712413770554974e+01,4.392835158610708390e+00,3.670791305756331280e-01,3.150000000000000022e-01,0.000000000000000000e+00,1.469221510943316957e+02,1.470900000000000034e+02,1.174925362400703818e-02,1.174925362400703818e-02,9.457075537708009572e-01,9.457075537708009572e-01,6.897992611240086891e-01,2.360919846194931004e-02
6.864515535289626769e+01,6.840046936575994607e+01,-2.446859871363216143e-01,3.178848349786961291e-01,3.150000000000000022e-01,0.000000000000000000e+00,1.460390374248949001e+02,1.470900000000000034e+02,1.076093484480073609e-02,1.076093484480073609e-02,8.999734422042845461e-01,8.999734422042845461e-01,1.786552438857038627e-01,-6.249432996484083347e-02
6.990413607788688921e+01,7.529039636446387362e+01,5.386260286576984413e+00,3.639086746266854133e-01,3.150000000000000022e-01,0.000000000000000000e+00,1.494465349409576049e+02,1.470900000000000034e+02,1.183557267527397990e-02,1.183557267527397990e-02,1.005127246955684228e+00,1.005127246955684228e+00,5.910006492028793135e-01,3.112941869949792384e-02
7.103516005053819526e+01,7.035493559671867558e+01,-6.802244538195196810e-01,3.293026681114583631e-01,3.150000000000000022e-01,0.000000000000000000e+00,1.431344818346769330e+02,1.470900000000000034e+02,1.106570847195447946e-02,1.106570847195447946e-02,9.536123550965871498e-01,9.536123550965871498e-01,5.276670708426201006e-01,-3.594208263180631580e-02
7.273857740325951227e+01,7.627230596337180657e+01,3.533728560112294304e+00,3.915742801846798238e-01,3.150000000000000022e-01,0.000000000000000000e+00,1.412916869907833757e+02,1.470900000000000034e+02,1.198877523448805583e-02,1.198877523448805583e-02,9.606798756221184288e-01,9.606798756221184288e-01,4.156596493978911289e-01,4.447661111340694973e-02
7.057530529371405237e+01,6.864666929053075251e+01,-1.928636003183299863e+00,3.161254382735687041e-01,3.150000000000000022e-01,0.000000000000000000e+00,1.429014035098454940e+02,1.470900000000000034e+02,1.079932329171118255e-02,1.079932329171118255e-02,9.577653690544236653e-01,9.577653690544236653e-01,2.226195161662050115e-01,-5.914988199991555451e-02
6.759689666879529568e+01,7.472657936394230660e+01,7.129682695147010918e+00,3.753335059051137179e-01,3.150000000000000022e-01,0.000000000000000000e+00,1.514665071737688322e+02,1.470900000000000034e+02,1.174760851350020036e-02,1.174760851350020036e-02,9.116738462838566148e-01,9.116738462838566148e-01,6.916822564388734884e-01,2.346587444314995885e-02
6.764091354235679887e+01,7.438790723856094189e+01,6.746993696204143021e+00,3.761996587268380265e-01,3.150000000000000022e-01,0.000000000000000000e+00,1.505482794303086962e+02,1.470900000000000034e+02,1.169477238081394199e-02,1.169477238081394199e-02,9.556121205332041013e-01,9.556121205332041013e-01,7.521594216855458370e-01,1.886272660418386593e-02
6.877567960991021323e+01,7.617798488275876423e+01,7.402305272848550999e+00,3.882623246749514756e-01,3.150000000000000022e-01,0.000000000000000000e+00,1.497046111456978394e+02,1.470900000000000034e+02,1.197405826131391245e-02,1.197405826131391245e-02,9.178663498749840555e-01,9.178663498749840555e-01,4.325026995073629754e-01,4.319445059524529285e-02
6.709458615434827777e+01,7.493845871297695282e+01,7.843872558628675051e+00,3.731602938933065161e-01,3.150000000000000022e-01,0.000000000000000000e+00,1.533786930091558531e+02,1.470900000000000034e+02,1.178066449192456157e-02,1.178066449192456157e-02,9.590354791438571169e-01,9.590354791438571169e-01,6.538466583969724244e-01,2.634575129849325847e-02
6.918586028747824912e+01,7.019732560823238998e+01,1.011465320754140862e+00,3.233605617182280789e-01,3.150000000000000022e-01,0.000000000000000000e+00,1.476717192031728132e+02,1.470900000000000034e+02,1.104112910074841331e-02,1.104112910074841331e-02,9.608078435111508941e-01,9.608078435111508941e-01,4.995224300414976559e-01,-3.808346720516619932e-02
6.923337741411316415e+01,7.085793660378793390e+01,1.624559189674769755e+00,3.502028713654732339e-01,3.150000000000000022e-01,0.000000000000000000e+00,1.442740533341824971e+02,1.470900000000000034e+02,1.114415422061714595e-02,1.114415422061714595e-02,9.877276615053192099e-01,9.877276615053192099e-01,6.174886792478448960e-01,-2.910779404795382774e-02
7.127950995075316598e+01,7.349006037834318761e+01,2.210550427590021627e+00,3.746087290125442171e-01,3.150000000000000022e-01,0.000000000000000000e+00,1.414472173259773626e+02,1.470900000000000034e+02,1.155470679561417663e-02,1.155470679561417663e-02,8.280971383854394130e-01,8.280971383854394130e-01,9.124892181530021018e-01,6.660043269007376310e-03
6.797736663788174383e+01,7.061494921246753620e+01,2.637582574585792372e+00,3.353227399174828482e-01,3.150000000000000022e-01,0.000000000000000000e+00,1.489844931282864593e+02,1.470900000000000034e+02,1.110625855014261108e-02,1.110625855014261108e-02,8.488692179595198617e-01,8.488692179595198617e-01,5.740980736549167185e-01,-3.240931073326536183e-02
6.670865181676438738e+01,7.022798235990913440e+01,3.519330543144747026e+00,3.477869894669910478e-01,3.150000000000000022e-01,0.000000000000000000e+00,1.487813639131508694e+02,1.470900000000000034e+02,1.104591001054254333e-02,1.104591001054254333e-02,9.278714964110840180e-01,9.278714964110840180e-01,5.049968499837734770e-01,-3.766694855650165596e-02
6.976057532244033155e+01,6.036778711992633362e+01,-9.392788202513997931e+00,2.312837915610805317e-01,3.150000000000000022e-01,0.000000000000000000e+00,1.439971291894969170e+02,1.470900000000000034e+02,9.509022239166846704e-03,9.509022239166846704e-03,8.685534692036281923e-01,8.685534692036281923e-01,-1.255752300013157186e+00,-1.715624716363178814e-01
6.723095749315564262e+01,7.014020617086600851e+01,2.909248677710365882e+00,3.542002885640465615e-01,3.150000000000000022e-01,0.000000000000000000e+00,1.463769377823017805e+02,1.470900000000000034e+02,1.103222138150781843e-02,1.103222138150781843e-02,9.821031828249801032e-01,9.821031828249801032e-01,4.893225305117867574e-01,-3.885951848840329959e-02
6.670727494488616571e+01,6.535510506430999556e+01,-1.352169880576170158e+00,2.828501558255842596e-01,3.150000000000000022e-01,0.000000000000000000e+00,1.504256263442835007e+02,1.470900000000000034e+02,1.028617141422327741e-02,1.028617141422327741e-02,9.196719295155926233e-01,9.196719295155926233e-01,-3.651598099446451418e-01,-1.038562947486683097e-01
6.930861532414081694e+01,6.672655323569274799e+01,-2.582062088448068948e+00,3.004690989117988487e-01,3.150000000000000022e-01,0.000000000000000000e+00,1.443449229316771891e+02,1.470900000000000034e+02,1.049995709812856157e-02,1.049995709812856157e-02,8.995409451554826630e-01,8.995409451554826630e-01,-1.202583507691532549e-01,-8.523102717441233267e-02
7.186055357717073377e+01,7.487892809644961289e+01,3.018374519278879120e+00,3.944040578431692312e-01,3.150000000000000022e-01,0.000000000000000000e+00,1.400060783990221012e+02,1.470900000000000034e+02,1.177137687126019600e-02,1.177137687126019600e-02,9.009698875252863948e-01,9.009698875252863948e-01,6.644771256339974119e-01,2.553660254333789403e-02
7.327361935559382289e+01,7.408926349186286586e+01,8.156441362690429742e-01,3.526439906071151542e-01,3.150000000000000022e-01,0.000000000000000000e+00,1.421480171147200906e+02,1.470900000000000034e+02,1.164818229339321595e-02,1.164818229339321595e-02,9.038836027864974865e-01,9.038836027864974865e-01,8.054886621673451597e-01,1.480374178973109522e-02
6.994015903019536040e+01,6.998616566404824368e+01,4.600663385288328300e-02,3.187416526104440706e-01,3.150000000000000022e-01,0.000000000000000000e+00,1.464949044386850403e+02,1.470900000000000034e+02,1.100819916029582325e-02,1.100819916029582325e-02,9.186765123172837555e-01,9.186765123172837555e-01,4.618152971514715155e-01,-4.095236347983699510e-02
6.999421551080796178e+01,7.605924058794526843e+01,6.065025077137306653e+00,3.997821514894888129e-01,3.150000000000000022e-01,0.000000000000000000e+00,1.451664379011401422e+02,1.470900000000000034e+02,1.195553067434913970e-02,1.195553067434913970e-02,9.690007436736687296e-01,9.690007436736687296e-01,4.537070378669157966e-01,4.158030479080920827e-02
6.960394872311539416e+01,6.823542802000316954e+01,-1.368520703112224624e+00,3.169848091505602650e-01,3.150000000000000022e-01,0.000000000000000000e+00,1.438626621037743121e+02,1.470900000000000034e+02,1.073520149265706075e-02,1.073520149265706075e-02,9.206661720482038902e-01,9.206661720482038902e-01,1.491835750005651162e-01,-6.473625075440525567e-02
7.063406822787554518e+01,6.929042401560792541e+01,-1.343644212267619764e+00,3.103496776344309982e-01,3.150000000000000022e-01,0.000000000000000000e+00,1.451731385664519109e+02,1.470900000000000034e+02,1.089970448262775511e-02,1.089970448262775511e-02,9.279621805851234750e-01,9.279621805851234750e-01,3.375757170728431733e-01,-5.040455113355135630e-02
6.857175947049506703e+01,7.591032738514024913e+01,7.338567914645182100e+00,3.847179037844443705e-01,3.150000000000000022e-01,0.000000000000000000e+00,1.501767747124801815e+02,1.470900000000000034e+02,1.193229609877383135e-02,1.193229609877383135e-02,9.290585024896542699e-01,9.290585024896542699e-01,4.802986812249550042e-01,3.955608044070668683e-02
7.780863299337639205e+01,7.529515192111784927e+01,-2.513481072258542781e+00,3.799963318579271387e-01,3.150000000000000022e-01,0.000000000000000000e+00,1.320487311834564252e+02,1.470900000000000034e+02,1.183631463266341353e-02,1.183631463266341353e-02,8.741594214282168984e-01,8.741594214282168984e-01,5.901514426575265038e-01,3.119405892542181924e-02
7.097427147205573306e+01,6.680001674187930405e+01,-4.174254730176429007e+00,2.920070784565304001e-01,3.150000000000000022e-01,0.000000000000000000e+00,1.427511978874590568e+02,1.470900000000000034e+02,1.051140972113408407e-02,1.051140972113408407e-02,9.974101080216792869e-01,9.974101080216792869e-01,-1.071398675215540219e-01,-8.423326079451098902e-02
7.330560642515436598e+01,7.424220433003534936e+01,9.365979048809833785e-01,3.790843703579002688e-01,3.150000000000000022e-01,0.000000000000000000e+00,1.382977563916080612e+02,1.470900000000000034e+02,1.167204177096269578e-02,1.167204177096269578e-02,9.606361410236303744e-01,9.606361410236303744e-01,7.781777982079731704e-01,1.688240835802390372e-02
6.738324429779963509e+01,7.008787929458631538e+01,2.704634996786680290e+00,3.333369817620941422e-01,3.150000000000000022e-01,0.000000000000000000e+00,1.495289134127992554e+02,1.470900000000000034e+02,1.102406109995593755e-02,1.102406109995593755e-02,9.649157664210239460e-01,9.649157664210239460e-01,4.799784454618415408e-01,-3.957045209540943631e-02
7.009176774430741830e+01,6.870571775234370193e+01,-1.386049991963716366e+00,3.145331803239882484e-01,3.150000000000000022e-01,0.000000000000000000e+00,1.442915510661533176e+02,1.470900000000000034e+02,1.080853049801459159e-02,1.080853049801459159e-02,8.923470630272662962e-01,8.923470630272662962e-01,2.331638843470889011e-01,-5.834773904123002897e-02
7.177787680354686017e+01,7.496290299357426079e+01,3.185026190027400617e+00,3.747982035257059752e-01,3.150000000000000022e-01,0.000000000000000000e+00,1.432361127368729967e+02,1.470900000000000034e+02,1.178447815950522774e-02,1.178447815950522774e-02,9.269962800330895369e-01,9.269962800330895369e-01,6.494816082903102084e-01,2.667800263465203159e-02
6.768788886410925443e+01,6.912625845213027276e+01,1.438369588021018330e+00,3.342646210520257011e-01,3.150000000000000022e-01,0.000000000000000000e+00,1.466738946738735194e+02,1.470900000000000034e+02,1.087410540690793813e-02,1.087410540690793813e-02,9.384189842587581376e-01,9.384189842587581376e-01,3.082604378804051359e-01,-5.263477359852453130e-02
7.874039235473676968e+01,7.312447121609599776e+01,-5.615921138640771915e+00,3.637294967975537863e-01,3.150000000000000022e-01,0.000000000000000000e+00,1.290161575589954452e+02,1.470900000000000034e+02,1.149767734341312735e-02,1.149767734341312735e-02,9.148083635796282476e-01,9.148083635796282476e-01,9.777729971257146380e-01,1.691568357804262845e-03
7.059494654941372005e+01,7.036959622592091534e+01,-2.253503234928047050e-01,3.326109514262159950e-01,3.150000000000000022e-01,0.000000000000000000e+00,1.434753540562866476e+02,1.470900000000000034e+02,1.106799482444652087e-02,1.106799482444652087e-02,9.227672082490205874e-01,9.227672082490205874e-01,5.302850403430201531e-01,-3.574289283501819181e-02
7.220955118414306639e+01,7.371254981591441435e+01,1.502998631771347959e+00,3.990106766305080432e-01,3.150000000000000022e-01,0.000000000000000000e+00,1.365382217614311458e+02,1.470900000000000034e+02,1.158941452500400135e-02,1.158941452500400135e-02,9.617741184036791013e-01,9.617741184036791013e-01,8.727589614438544530e-01,9.683822667943875473e-03
6.772744117919405937e+01,7.100451899720739846e+01,3.277077818013339083e+00,3.463178189108706007e-01,3.150000000000000022e-01,0.000000000000000000e+00,1.484200561127349829e+02,1.470900000000000034e+02,1.116701523768908258e-02,1.116701523768908258e-02,9.784359168652366767e-01,9.784359168652366767e-01,6.436641066441779468e-01,-2.711611456686624511e-02
7.146331825816429273e+01,7.264438454869036832e+01,1.181066290526075591e+00,3.507744855717956356e-01,3.150000000000000022e-01,0.000000000000000000e+00,1.432078472694195739e+02,1.470900000000000034e+02,1.142278978876255791e-02,1.142278978876255791e-02,1.050073647788290598e+00,1.050073647788290598e+00,9.364972408375656920e-01,-4.832726056439695661e-03
7.130778353501452216e+01,7.322013648679100584e+01,1.912352951776483678e+00,3.705142280279203892e-01,3.150000000000000022e-01,0.000000000000000000e+00,1.415005925893686367e+02,1.470900000000000034e+02,1.151260030957164913e-02,1.151260030957164913e-02,9.437691547883326759e-01,9.437691547883326759e-01,9.606899130730346403e-01,2.991675234124135940e-03
7.554846707217788548e+01,6.854481632181722262e+01,-7.003650750360662869e+00,3.149330464411407848e-01,3.150000000000000022e-01,0.000000000000000000e+00,1.335713007844375397e+02,1.470900000000000034e+02,1.078344186653048403e-02,1.078344186653048403e-02,9.308745302920446996e-01,9.308745302920446996e-01,2.044314860387889121e-01,-6.053349098648386217e-02
7.275352974663256589e+01,6.851077812486340690e+01,-4.242751621769158987e+00,3.079586871134227244e-01,3.150000000000000022e-01,0.000000000000000000e+00,1.398362681986578480e+02,1.470900000000000034e+02,1.077813449657477086e-02,1.077813449657477086e-02,9.047431618381740481e-01,9.047431618381740481e-01,1.983532365827503918e-01,-6.099587548171758744e-02
6.619938225578076185e+01,7.258505068901040147e+01,6.385668433229639618e+00,3.662768629393957087e-01,3.150000000000000022e-01,0.000000000000000000e+00,1.517226117058922910e+02,1.470900000000000034e+02,1.141353466196493027e-02,1.141353466196493027e-02,1.011376097178382505e+00,1.011376097178382505e+00,9.259019087518572944e-01,-5.639043906590313071e-03
6.655347179374345501e+01,7.365848205062840748e+01,7.105010256884952469e+00,3.569376819718032001e-01,3.150000000000000022e-01,0.000000000000000000e+00,1.547309744809206791e+02,1.470900000000000034e+02,1.158098004461380857e-02,1.158098004461380857e-02,9.939864794234188894e-01,9.939864794234188894e-01,8.824139195306414107e-01,8.949000526220052265e-03
7.524529064780506360e+01,7.221225589382892451e+01,-3.033034753976139086e+00,3.403886459328518410e-01,3.150000000000000022e-01,0.000000000000000000e+00,1.368969204023002249e+02,1.470900000000000034e+02,1.135538578457540373e-02,1.135538578457540373e-02,1.019295977606052839e+00,1.019295977606052839e+00,8.593314096123078061e-01,-1.070504449530318425e-02
7.097965411880255715e+01,7.308809412629265978e+01,2.108440007490102630e+00,3.461367254487301426e-01,3.150000000000000022e-01,0.000000000000000000e+00,1.458258356198060142e+02,1.470900000000000034e+02,1.149200286005857413e-02,1.149200286005857413e-02,9.125828982117513144e-01,9.125828982117513144e-01,9.842689060191678330e-01,1.197200498864514628e-03
7.381585643686628373e+01,7.520212180114404532e+01,1.386265364277761591e+00,3.944744984130565957e-01,3.150000000000000022e-01,0.000000000000000000e+00,1.368948776947813144e+02,1.470900000000000034e+02,1.182180021418288707e-02,1.182180021418288707e-02,8.827315059972002942e-01,8.827315059972002942e-01,6.067639640814200819e-01,2.992954521736490570e-02
6.815461783997170642e+01,7.195301672325379627e+01,3.798398883282089855e+00,3.736762487544312838e-01,3.150000000000000022e-01,0.000000000000000000e+00,1.449610295705422800e+02,1.470900000000000034e+02,1.131495055459219926e-02,1.131495055459219926e-02,8.847986581998718014e-01,8.847986581998718014e-01,8.130387005810348899e-01,-1.422781067920431131e-02
6.741446670956179332e+01,6.404586337278544761e+01,-3.368603336776345714e+00,2.479060424895075943e-01,3.150000000000000022e-01,0.000000000000000000e+00,1.536909932327156412e+02,1.470900000000000034e+02,1.008211336080242458e-02,1.008211336080242458e-02,8.548962658356327182e-01,8.548962658356327182e-01,-5.989529691454573701e-01,-1.216340793796029107e-01
6.858662853204069165e+01,7.265238591062959017e+01,4.065757378588898519e+00,3.772984385062920776e-01,3.150000000000000022e-01,0.000000000000000000e+00,1.448803798585034883e+02,1.470900000000000034e+02,1.142403787608741762e-02,1.142403787608741762e-02,9.793914534062572175e-01,9.793914534062572175e-01,9.379260554695696417e-01,-4.723991177859931945e-03
7.120924572868493385e+01,7.538562678487843982e+01,4.176381056193505970e+00,3.917134821178061554e-01,3.150000000000000022e-01,0.000000000000000000e+00,1.426203411349028158e+02,1.470900000000000034e+02,1.185043048823009731e-02,1.185043048823009731e-02,8.826174431188713587e-01,8.826174431188713587e-01,5.739952169859924291e-01,3.242384934995512502e-02
7.566683214023700543e+01,7.674701600494125842e+01,1.080183864704252983e+00,3.958494286117230088e-01,3.150000000000000022e-01,0.000000000000000000e+00,1.360982147640774258e+02,1.470900000000000034e+02,1.206284615709699720e-02,1.206284615709699720e-02,1.009845467312057599e+00,1.009845467312057599e+00,3.308899991176317279e-01,5.092975955563283641e-02
6.773070805628093183e+01,7.155598298360733622e+01,3.825274927326404395e+00,3.442229357514416388e-01,3.150000000000000022e-01,0.000000000000000000e+00,1.499196693948197208e+02,1.470900000000000034e+02,1.125302443078168325e-02,1.125302443078168325e-02,1.072999516950427612e+00,1.072999516950427612e+00,7.421398185013097226e-01,-1.962288954855639922e-02
7.007753489902295030e+01,7.606858702798501781e+01,5.991052128962067513e+00,3.952588734209075416e-01,3.150000000000000022e-01,0.000000000000000000e+00,1.456802977948183013e+02,1.470900000000000034e+02,1.195698898641060597e-02,1.195698898641060597e-02,9.355666927211320205e-01,9.355666927211320205e-01,4.520380307169605816e-01,4.170735470292408209e-02
7.342302444081232693e+01,7.414333287633263581e+01,7.203084355203088762e-01,3.735458613820276108e-01,3.150000000000000022e-01,0.000000000000000000e+00,1.387154206328147268e+02,1.470900000000000034e+02,1.165661733242144560e-02,1.165661733242144560e-02,1.065151909378580841e+00,1.065151909378580841e+00,7.958334149406005587e-01,1.553861260067668226e-02
7.221165758976985671e+01,6.940423292411543343e+01,-2.807424665654423279e+00,3.306596142315849640e-01,3.150000000000000022e-01,0.000000000000000000e+00,1.387057856591683560e+02,1.470900000000000034e+02,1.091745146043071775e-02,1.091745146043071775e-02,9.000420776069949502e-01,9.000420776069949502e-01,3.578987364491839074e-01,-4.885841294423742820e-02
6.689015198067242807e+01,6.139733771594624301e+01,-5.492814264726185058e+00,2.375847678784220041e-01,3.150000000000000022e-01,0.000000000000000000e+00,1.510371799310012761e+02,1.470900000000000034e+02,9.669412421244479028e-03,9.669412421244479028e-03,9.514704637155523281e-01,9.514704637155523281e-01,-1.071903979295315779e+00,-1.575890848177550208e-01
7.062312139135681832e+01,6.781623314875606923e+01,-2.806888242600749095e+00,2.968175007451488434e-01,3.150000000000000022e-01,0.000000000000000000e+00,1.446754606329061517e+02,1.470900000000000034e+02,1.066984230696607985e-02,1.066984230696607985e-02,9.617549365325838151e-01,9.617549365325838151e-01,7.432734799215423571e-02,-7.043042213058270384e-02
6.660684053450778208e+01,7.292186563921762854e+01,6.315025104709846460e+00,3.524202411493073672e-01,3.150000000000000022e-01,0.000000000000000000e+00,1.538572689341065427e+02,1.470900000000000034e+02,1.146607300936487543e-02,1.146607300936487543e-02,1.016875766907634482e+00,1.016875766907634482e+00,9.860474355745765251e-01,-1.061839482243809307e-03
7.023020549938793522e+01,7.095343928952142676e+01,7.232337901334915387e-01,3.327448261309430277e-01,3.150000000000000022e-01,0.000000000000000000e+00,1.453775395731360618e+02,1.470900000000000034e+02,1.115904880175779337e-02,1.115904880175779337e-02,9.456476821112950182e-01,9.456476821112950182e-01,6.345427302716829532e-01,-2.781016010875181355e-02
7.382802174331077083e+01,7.171124625286567777e+01,-2.116775490445093055e+00,3.378768573218415838e-01,3.150000000000000022e-01,0.000000000000000000e+00,1.389576569244940742e+02,1.470900000000000034e+02,1.127724087992533486e-02,1.127724087992533486e-02,8.837831984275500430e-01,8.837831984275500430e-01,7.698654022974422695e-01,-1.751312318459963269e-02
6.986043058024554853e+01,7.679990725716181998e+01,6.939476676916271458e+00,3.990903810578041999e-01,3.150000000000000022e-01,0.000000000000000000e+00,1.469511931279947419e+02,1.470900000000000034e+02,1.207109916065283832e-02,1.207109916065283832e-02,9.688372915574380295e-01,9.688372915574380295e-01,3.214451326496743366e-01,5.164877121586575193e-02
7.510309739528815953e+01,6.783504654581676618e+01,-7.268050849471393349e+00,2.913025720805897945e-01,3.150000000000000022e-01,0.000000000000000000e+00,1.371721003326272239e+02,1.470900000000000034e+02,1.067277555624354321e-02,1.067277555624354321e-02,9.173025107863137517e-01,9.173025107863137517e-01,7.768688318156447004e-02,-7.017487390276511139e-02
6.981269633644478745e+01,7.602103436410365589e+01,6.208338027658868441e+00,3.990125947645044580e-01,3.150000000000000022e-01,0.000000000000000000e+00,1.455819592130742990e+02,1.470900000000000034e+02,1.194956942143506409e-02,1.194956942143506409e-02,9.571874476741399906e-01,9.571874476741399906e-01,4.605295778386323535e-01,4.106095322070291154e-02
7.231390840844619561e+01,7.143326929121180058e+01,-8.806391172343950302e-01,3.631086857753429986e-01,3.150000000000000022e-01,0.000000000000000000e+00,1.372770472233901273e+02,1.470900000000000034e+02,1.123388498876549263e-02,1.123388498876549263e-02,9.193509669538995066e-01,9.193509669538995066e-01,7.202266591449640876e-01,-2.129034090573633797e-02
7.041557763091776678e+01,7.567468377861251838e+01,5.259106147694751598e+00,3.834226918810077489e-01,3.150000000000000022e-01,0.000000000000000000e+00,1.460196332328436313e+02,1.470900000000000034e+02,1.189552974167271127e-02,1.189552974167271127e-02,9.744134350561667324e-01,9.744134350561667324e-01,5.223778966763354958e-01,3.635295090354651038e-02
8.049783934516051431e+01,7.501658163261552659e+01,-5.481257712544987726e+00,3.825781201977106472e-01,3.150000000000000022e-01,0.000000000000000000e+00,1.268461333603409003e+02,1.470900000000000034e+02,1.179285284393342438e-02,1.179285284393342438e-02,9.218915548587923725e-01,9.218915548587923725e-01,6.398961370329412368e-01,2.740761527978241574e-02
6.578052872262784945e+01,7.120933013499197273e+01,5.428801412364123280e+00,3.330022055948205773e-01,3.150000000000000022e-01,0.000000000000000000e+00,1.556315097511038630e+02,1.470900000000000034e+02,1.119895813997574645e-02,1.119895813997574645e-02,9.306531433699096745e-01,9.306531433699096745e-01,6.802375241057090349e-01,-2.433321025204304711e-02
6.996979013441678319e+01,7.677656515758293665e+01,6.806775023166153460e+00,3.970240884730531494e-01,3.150000000000000022e-01,0.000000000000000000e+00,1.469864889095805438e+02,1.470900000000000034e+02,1.206745692036993202e-02,1.206745692036993202e-02,9.302309605422312000e-01,9.302309605422312000e-01,3.256133647173320433e-01,5.133145483340428861e-02
7.168051214824645001e+01,7.585720819884485877e+01,4.176696050598408760e+00,3.957715870249141066e-01,3.150000000000000022e-01,0.000000000000000000e+00,1.419768018932336702e+02,1.470900000000000034e+02,1.192400810353994034e-02,1.192400810353994034e-02,9.281252827783599280e-01,9.281252827783599280e-01,4.897842502062746961e-01,3.883402026312343658e-02
6.820597489947815006e+01,7.240792936088503495e+01,4.201954461406884889e+00,3.441898154391777043e-01,3.150000000000000022e-01,0.000000000000000000e+00,1.506475186862785733e+02,1.470900000000000034e+02,1.138590687409347414e-02,1.138590687409347414e-02,9.460047498283499223e-01,9.460047498283499223e-01,8.942731001580418448e-01,-8.046010230016498177e-03
7.140647282594139256e+01,7.040968517412984795e+01,-9.967876518115446061e-01,3.423270041771221406e-01,3.150000000000000022e-01,0.000000000000000000e+00,1.403118453049079903e+02,1.470900000000000034e+02,1.107424678694367629e-02,1.107424678694367629e-02,8.780635621585013428e-01,8.780635621585013428e-01,5.374437810946152139e-01,-3.519821429412328673e-02
7.306031191667634062e+01,6.826867236429168884e+01,-4.791639552384651779e+00,3.272981066321076771e-01,3.150000000000000022e-01,0.000000000000000000e+00,1.354351940625546433e+02,1.470900000000000034e+02,1.074038493742406064e-02,1.074038493742406064e-02,1.029042254495028619e+00,1.029042254495028619e+00,1.551200650520864199e-01,-6.428466277162636633e-02
7.224087219720584585e+01,6.727558420343090972e+01,-4.965287993774936126e+00,3.031818334489681521e-01,3.150000000000000022e-01,0.000000000000000000e+00,1.391673721598848203e+02,1.470900000000000034e+02,1.058555066605214659e-02,1.058555066605214659e-02,9.111892054148759135e-01,9.111892054148759135e-01,-2.221710653019570714e-02,-7.777401192395094753e-02
7.198653043465830592e+01,7.553984550813677856e+01,3.553315073478472641e+00,3.817766282522167542e-01,3.150000000000000022e-01,0.000000000000000000e+00,1.428494274329949860e+02,1.470900000000000034e+02,1.187449187392884166e-02,1.187449187392884166e-02,8.566213490065690550e-01,8.566213490065690550e-01,5.464561592612890983e-01,3.452010639888380972e-02
6.974470134365512308e+01,7.551524085537913322e+01,5.770539511724010140e+00,3.865821758229832650e-01,3.150000000000000022e-01,0.000000000000000000e+00,1.466203821251264117e+02,1.470900000000000034e+02,1.187065300729433365e-02,1.187065300729433365e-02,9.304664333030607803e-01,9.304664333030607803e-01,5.508498472537257662e-01,3.418565969065001653e-02
7.116296262269722206e+01,7.125715287967507550e+01,9.419025697785343709e-02,3.444477133499286303e-01,3.150000000000000022e-01,0.000000000000000000e+00,1.421166473416303120e+02,1.470900000000000034e+02,1.120641679217925825e-02,1.120641679217925825e-02,9.771036164175042060e-01,9.771036164175042060e-01,6.887772999419774500e-01,-2.368340344320518653e-02
7.174563666748926494e+01,7.473461361563313687e+01,2.988976948143871937e+00,3.704303535868047614e-01,3.150000000000000022e-01,0.000000000000000000e+00,1.435424226271983628e+02,1.470900000000000034e+02,1.174886195248405971e-02,1.174886195248405971e-02,9.075313683721769609e-01,9.075313683721769609e-01,6.902475686369395902e-01,2.357507556474014443e-02
6.313833136766727705e+01,7.202141612156077599e+01,8.883084753893498942e+00,3.576795419554180122e-01,3.150000000000000022e-01,0.000000000000000000e+00,1.592986233398374623e+02,1.470900000000000034e+02,1.132561916532036882e-02,1.132561916532036882e-02,1.000496770286360082e+00,1.000496770286360082e+00,8.252528788501384271e-01,-1.329834839797061630e-02
6.868384709283361644e+01,7.354326892131831528e+01,4.859421828484698835e+00,3.837043621940744997e-01,3.150000000000000022e-01,0.000000000000000000e+00,1.454476877297751116e+02,1.470900000000000034e+02,1.156300711956872139e-02,1.156300711956872139e-02,9.081684623528353262e-01,9.081684623528353262e-01,9.029876926217292876e-01,7.383177539658003496e-03
6.947931547070297142e+01,7.323993610953483824e+01,3.760620638831866813e+00,3.504347321964876860e-01,3.150000000000000022e-01,0.000000000000000000e+00,1.485210112545204595e+02,1.470900000000000034e+02,1.151568889718708640e-02,1.151568889718708640e-02,9.626959242199001343e-01,9.626959242199001343e-01,9.571542661544931718e-01,3.260756725986579951e-03
7.226208010081275290e+01,7.562053945270214683e+01,3.358459351889393929e+00,3.906085397792052882e-01,3.150000000000000022e-01,0.000000000000000000e+00,1.411515432977184901e+02,1.470900000000000034e+02,1.188708195584073021e-02,1.188708195584073021e-02,9.033462875726312458e-01,9.033462875726312458e-01,5.320465263031876058e-01,3.561696957562765498e-02
6.975805145194964041e+01,7.708493720096925017e+01,7.326885749019609761e+00,3.973402887805569383e-01,3.150000000000000022e-01,0.000000000000000000e+00,1.479698991767918130e+02,1.470900000000000034e+02,1.211557501387613631e-02,1.211557501387613631e-02,9.875133910611976207e-01,9.875133910611976207e-01,2.705469283983474860e-01,5.552356138771052940e-02
7.439918426456226541e+01,6.915012303479664979e+01,-5.249061229765615622e+00,3.228344600503024742e-01,3.150000000000000022e-01,0.000000000000000000e+00,1.354594744093247982e+02,1.470900000000000034e+02,1.087782669307394735e-02,1.087782669307394735e-02,9.591642650668547043e-01,9.591642650668547043e-01,3.125219704994010028e-01,-5.231057064304045490e-02
6.894169652895179468e+01,7.139423704540631377e+01,2.452540516454519093e+00,3.233533777055097591e-01,3.150000000000000022e-01,0.000000000000000000e+00,1.506969739225961007e+02,1.470900000000000034e+02,1.122779724192508356e-02,1.122779724192508356e-02,8.771885992666632603e-01,8.771885992666632603e-01,7.132566152511271573e-01,-2.182071277982877699e-02
7.010757795494167510e+01,7.487650506782040338e+01,4.768927112878728281e+00,3.787068337177657562e-01,3.150000000000000022e-01,0.000000000000000000e+00,1.458464158667450192e+02,1.470900000000000034e+02,1.177099884537660159e-02,1.177099884537660159e-02,9.212394774471455161e-01,9.212394774471455161e-01,6.649098093177847613e-01,2.550366847075014043e-02
7.235306376100308512e+01,7.066226549083242503e+01,-1.690798270170660089e+00,3.489342500213495346e-01,3.150000000000000022e-01,0.000000000000000000e+00,1.379217189598684854e+02,1.470900000000000034e+02,1.111363780416319176e-02,1.111363780416319176e-02,9.681214078147295510e-01,9.681214078147295510e-01,5.825474090772183589e-01,-3.176642119023787014e-02
6.681483902764304617e+01,7.310140905995866945e+01,6.286570032315623280e+00,3.686986621893467153e-01,3.150000000000000022e-01,0.000000000000000000e+00,1.509970834760391369e+02,1.470900000000000034e+02,1.149407986221997677e-02,1.149407986221997677e-02,1.000238578494205610e+00,1.000238578494205610e+00,9.818912392930947419e-01,1.378151441424169121e-03
7.063500119418580425e+01,7.665386901533736363e+01,6.018867821151559383e+00,3.978777969330718478e-01,3.150000000000000022e-01,0.000000000000000000e+00,1.452545148034081421e+02,1.470900000000000034e+02,1.204831184212374826e-02,1.204831184212374826e-02,1.022530142037971768e+00,1.022530142037971768e+00,3.475233901183272245e-01,4.966351244104472151e-02
6.883674531452666656e+01,6.636744831058808813e+01,-2.469297003938578428e+00,3.004337062930804714e-01,3.150000000000000022e-01,0.000000000000000000e+00,1.445572476429370852e+02,1.470900000000000034e+02,1.044397559097290373e-02,1.044397559097290373e-02,9.526868210792918124e-01,9.526868210792918124e-01,-1.843842302521283560e-01,-9.010820384469964139e-02
7.012388987689725184e+01,6.687848800930059667e+01,-3.245401867596655165e+00,3.052457129604861930e-01,3.150000000000000022e-01,0.000000000000000000e+00,1.421098793346146465e+02,1.470900000000000034e+02,1.052364313032643287e-02,1.052364313032643287e-02,9.623783775191672163e-01,9.623783775191672163e-01,-9.312714119632303778e-02,-8.316747137685365221e-02
6.847118066941089864e+01,7.331024001787571365e+01,4.839059348464815002e+00,3.641920071849407137e-01,3.150000000000000022e-01,0.000000000000000000e+00,1.485220943173405885e+02,1.470900000000000034e+02,1.152665580422481892e-02,1.152665580422481892e-02,9.329945217399977508e-01,9.329945217399977508e-01,9.445999968079081821e-01,4.216206942804001656e-03
