rep,truth_draw,delta_lpd_total,delta_lpd_data,delta_lpd_sel
0,121,3.42013068213231,2.475317350307648,0.9448133318246619
1,131,3.1639849269091087,2.2261840689189114,0.9378008579901973
2,193,3.333820676253765,2.343518277029375,0.9903023992243902
3,243,3.4466756841580946,2.4517371131972254,0.9949385709608691
4,8,3.2544418164765148,2.2940488097015077,0.960393006775007
5,36,3.220338782471117,2.257810325086524,0.9625284573845931
6,210,3.4528574013141906,2.453258214009196,0.9995991873049945
7,242,3.278144192904165,2.2983219666332104,0.9798222262709544
8,63,3.3484924252646806,2.380563176689094,0.9679292485755866
9,79,3.6512820458175383,2.581830502962589,1.0694515428549494
10,222,3.314993849980283,2.361452798507173,0.9535410514731097
11,108,3.2615036534583055,2.283979042653499,0.9775246108048066
12,69,3.4117220908362924,2.44646296482307,0.9652591260132226
13,211,3.160823626654121,2.197341996526859,0.9634816301272622
14,65,3.2863559329913983,2.325573185374054,0.9607827476173441
15,104,2.92908499890342,2.0212056755138974,0.9078793233895226
16,164,3.016431920483683,2.117748927153798,0.898682993329885
17,140,3.163016350692999,2.233290100180085,0.929726250512914
18,21,3.2894505493348447,2.3262551455064795,0.9631954038283652
19,7,3.399081416306501,2.432902808737225,0.966178607569276
20,221,3.152977437254549,2.2224439790503254,0.9305334582042235
21,192,3.4103947389587006,2.402885436139826,1.0075093028188746
22,214,3.2653841752845096,2.3358695746615865,0.9295146006229231
23,137,3.321701976662439,2.3597999536493433,0.9619020230130957
24,209,3.2543185362749227,2.30173859412011,0.9525799421548129
25,84,3.2335927853471276,2.2536758175631633,0.9799169677839643
26,115,3.293344132355628,2.327913638949326,0.965430493406302
27,201,3.017202826020423,2.117774854377103,0.8994279716433198
28,31,3.216237548787433,2.2832630200650783,0.9329745287223545
29,77,3.329147860218484,2.3674151384034303,0.9617327218150535
30,31,3.205208987002379,2.251702266132071,0.9535067208703083
31,116,3.7509977334172504,2.7042865454106106,1.0467111880066398
32,250,3.695225849041094,2.7027913885052612,0.9924344605358328
33,34,3.22630116930992,2.231556768474377,0.9947444008355433
34,98,3.3249672591522312,2.358699938704433,0.9662673204477983
35,103,3.2904570278025744,2.3719241770894826,0.9185328507130919
36,231,3.352318294808242,2.3927047750211727,0.9596135197870694
37,52,3.6230430212480087,2.628272887642055,0.9947701336059538
38,128,3.650104112285419,2.633588514311981,1.016515597973438
39,67,3.6643305844930296,2.65540404837688,1.0089265361161495
40,5,3.12775379626612,2.1953664312945307,0.9323873649715892
41,192,3.097372364964315,2.1800632289827035,0.9173091359816112
42,15,3.479418970488666,2.5210513736173823,0.9583675968712839
43,71,3.148511072641327,2.201664024183799,0.9468470484575278
44,127,3.6496932181326542,2.628373672388676,1.021319545743978
45,124,3.3586646846421218,2.381299526048082,0.9773651585940399
46,29,3.248278603541678,2.2860898330012276,0.9621887705404504
47,251,3.803145610973786,2.778044681268625,1.025100929705161
48,191,3.093277363865411,2.15383865547642,0.939438708388991
49,246,3.1435510308689913,2.191951914450698,0.9515991164182935
50,23,3.419523843018851,2.4019845969704363,1.0175392460484147
51,185,3.0557007086466115,2.1259095592268693,0.9297911494197422
52,75,3.105919355135086,2.16173665015981,0.944182704975276
53,138,3.5088016310832586,2.490506413433934,1.0182952176493245
54,236,3.3047889704777162,2.31722173316291,0.9875672373148063
55,70,3.3941162923296133,2.4229906091049997,0.9711256832246136
56,185,3.0356412358189573,2.0925137218399925,0.9431275139789648
57,41,3.160012617120742,2.207789719517166,0.9522228976035763
58,82,3.794116933472651,2.6821055141516297,1.1120114193210213
59,248,3.3819879872126535,2.426277865718788,0.9557101214938655
60,107,3.30846063388816,2.355267816871219,0.9531928170169408
61,132,3.160600743036923,2.210017985723681,0.9505827573132422
62,74,2.957445123495404,2.043721370490573,0.913723753004831
63,29,3.0538577127175017,2.11176416317943,0.9420935495380718
64,108,3.227463236611527,2.271200861043951,0.9562623755675759
65,159,3.02215706063555,2.103056230106745,0.9191008305288051
66,116,3.468748125852244,2.404719834360691,1.064028291491553
67,198,3.405422065176026,2.3809666732567223,1.0244553919193038
68,92,3.2680728737033746,2.366942472557241,0.9011304011461334
69,156,3.254135327335746,2.268721574567593,0.985413752768153
70,197,3.198035731078619,2.255282426485337,0.9427533045932819
71,234,3.1354512983551786,2.220611504915354,0.9148397934398247
72,109,3.4304609136283375,2.460166973306883,0.9702939403214543
73,10,3.0252900267553287,2.084684810950563,0.9406052158047657
74,183,3.2263551065274783,2.300156999719377,0.9261981068081013
75,135,3.404937401534312,2.444828150489002,0.96010925104531
76,223,3.3881478032709538,2.439406937657253,0.9487408656137006
77,117,3.261444020585259,2.322748990667037,0.9386950299182217
78,94,3.1230972068603364,2.1618132210002443,0.9612839858600921
79,15,3.1493077200184985,2.211131080421751,0.9381766395967475
80,117,3.255117787809752,2.273416030566324,0.9817017572434281
81,164,3.1961408074554356,2.210116951526004,0.9860238559294316
82,197,3.407802602335721,2.3815600057272377,1.0262425966084834
83,218,3.272072157001503,2.3058657269855303,0.9662064300159727
84,55,3.2406251865978675,2.2701128429742425,0.9705123436236249
85,151,3.449493501520692,2.473201431884803,0.976292069635889
86,205,3.477190894654939,2.460891925136508,1.0162989695184308
87,66,3.4600907692352507,2.447776848310639,1.012313920924612
88,88,3.181813027033911,2.218499610656181,0.9633134163777299
89,215,3.2267582799098022,2.2681385605612547,0.9586197193485475
90,148,3.328945518135015,2.3775301497873897,0.9514153683476252
91,130,3.4619290983038127,2.533829347237287,0.9280997510665259
92,172,3.590446577082048,2.6347995343096215,0.9556470427724264
93,130,3.2604241906698235,2.3142874340807396,0.9461367565890839
94,251,3.1205121731982217,2.1836279581964106,0.9368842150018111
95,192,3.2751478563560568,2.3669963411260255,0.9081515152300312
96,13,3.264212217261843,2.281358221704636,0.9828539955572069
97,37,3.191523015224675,2.292585154489359,0.898937860735316
98,139,3.4487128995116336,2.4529832055801535,0.9957296939314801
99,209,3.101087106655825,2.1670305063883575,0.9340566002674677
100,17,3.232000133459053,2.244896329609702,0.9871038038493509
101,174,3.2459241656973177,2.301556533486348,0.9443676322109695
102,194,3.5143548709454535,2.51210825762945,1.0022466133160037
103,201,3.1474333339865552,2.162911392430402,0.984521941556153
104,223,3.333238645469862,2.3757980549444824,0.9574405905253798
105,49,2.988585752907909,2.0637338389523165,0.9248519139555924
106,142,3.1322835714682356,2.1974783351023177,0.9348052363659178
107,205,3.406757542496109,2.4267897356695016,0.9799678068266076
108,91,3.2957491594436874,2.3720481819128167,0.9237009775308707
109,48,3.353684054117082,2.3764150620875455,0.9772689920295363
110,122,3.5284146907718537,2.504843443194517,1.0235712475773369
111,20,3.221494357483323,2.254612016498129,0.9668823409851939
112,56,3.3618037719548965,2.417315143159925,0.9444886287949714
113,218,3.210582614472912,2.254159278969098,0.9564233355038141
114,170,3.5312009025666953,2.601729682166223,0.9294712204004725
115,220,3.815031147140985,2.68689719389846,1.128133953242525
116,215,3.4587539439830834,2.521436544715783,0.9373173992673003
117,224,3.2871872747666657,2.3279356743338724,0.9592516004327933
118,79,3.3628474212450215,2.361597756076634,1.0012496651683875
119,120,3.267881196436747,2.3073002906653812,0.9605809057713657
120,158,3.127151365745533,2.199475663303673,0.92767570244186
121,70,3.3997712480353925,2.4259460521183485,0.9738251959170441
122,235,3.4568350985294387,2.5102742047805293,0.9465608937489094
123,1,3.4444921339664916,2.4304872344655735,1.014004899500918
124,214,3.3558713724275435,2.3798347455273756,0.9760366269001679
125,165,3.6401432502348143,2.6060599679138647,1.0340832823209496
126,64,3.1682871292855452,2.2381065431910656,0.9301805860944796
127,184,3.2053633030436686,2.248573569607345,0.9567897334363238
128,105,3.2110647022700505,2.248748772400347,0.9623159298697033
129,213,3.107095603581911,2.171482704580427,0.9356128990014838
130,255,3.2015686694589363,2.2606988587324963,0.9408698107264399
131,72,3.2122788380573297,2.2960474015663976,0.9162314364909321
132,120,3.4410595209990333,2.449622815322016,0.9914367056770175
133,55,3.435286565473632,2.501085676467767,0.9342008890058651
134,177,3.299716304201695,2.3891802845223253,0.9105360196793697
135,163,3.1613598901139994,2.2218859858772646,0.9394739042367348
136,216,3.6868758290916617,2.674157675015664,1.0127181540759977
137,206,3.1927933402017743,2.2772936521644738,0.9154996880373005
138,250,3.4638862885498156,2.4511346267204317,1.012751661829384
139,246,3.2020569603196805,2.254171314752739,0.9478856455669415
140,229,3.2484871507715525,2.246860072867918,1.0016270779036347
141,38,3.443996486202991,2.4509582393819187,0.9930382468210723
142,10,3.492476243604983,2.475153190324079,1.0173230532809043
143,123,3.1039765703262105,2.1696931106332045,0.9342834596930061
144,88,3.3349865787168937,2.32558875922669,1.0093978194902036
145,229,3.283415344283469,2.296430756054235,0.9869845882292339
146,204,3.0058555078029485,2.108859909587636,0.8969955982153124
147,108,3.275179096619354,2.3295741143903967,0.9456049822289572
148,147,3.2016723316571074,2.2349799094304785,0.9666924222266289
149,150,3.526893388074143,2.5191235727038475,1.0077698153702954
150,228,3.1747829752051757,2.2497155617503495,0.9250674134548262
151,6,3.1742151139533235,2.267270006863157,0.9069451070901664
152,125,3.298331309502885,2.349654830064736,0.9486764794381486
153,172,3.5168783653698483,2.563410191931922,0.9534681734379262
154,115,3.1144489364650667,2.162982857698694,0.9514660787663729
155,235,3.3402701537345365,2.331028582545713,1.0092415711888236
156,243,3.3159190266805467,2.3083391747288147,1.007579851951732
157,211,3.0121257398072885,2.0961706440612886,0.9159550957459999
158,118,3.4694625681675575,2.4797705595237858,0.9896920086437717
159,226,3.757470540051145,2.7179022209815287,1.039568319069616
160,18,3.359988886604242,2.3970131566882174,0.9629757299160246
161,169,3.306850706466662,2.3413689339279813,0.9654817725386806
162,68,3.4842418806681508,2.511958405787425,0.9722834748807259
163,62,3.2035064197114025,2.253792425133156,0.9497139945782465
164,173,3.084971466307138,2.152070085057943,0.9329013812491951
165,196,3.145583325107566,2.2375279095335827,0.9080554155739833
166,227,3.3329638039230076,2.399202548782881,0.9337612551401264
167,54,3.400554782432721,2.456558746765495,0.9439960356672259
168,223,3.4451149912661663,2.480764314065567,0.9643506772005992
169,212,3.775601889322104,2.7622167081582347,1.0133851811638692
170,80,3.1611346819245796,2.2210734881018936,0.9400611938226859
171,16,3.4111893265693425,2.4229822153528175,0.9882071112165249
172,197,3.3444889259642423,2.372358326597009,0.9721305993672331
173,211,3.0800110272459165,2.1280375633478457,0.9519734638980708
174,117,3.520629907207251,2.522486454145877,0.998143453061374
175,42,3.508979149737968,2.563107784184865,0.9458713655531028
176,37,3.3267676811483398,2.3599911963118814,0.9667764848364584
177,96,3.170697869249011,2.203002909489129,0.9676949597598821
178,193,3.157606843910628,2.217348392204201,0.940258451706427
179,81,3.811623061200123,2.7161760809100883,1.0954469802900348
180,8,3.230011052285704,2.3133053388798146,0.9167057134058894
181,176,3.371041384318289,2.367643072861739,1.0033983114565501
182,190,3.4688357048468106,2.48164724978389,0.9871884550629204
183,45,3.3803795565392534,2.459476481510791,0.9209030750284626
184,143,3.4431801693639272,2.4669684393912235,0.9762117299727038
185,101,3.3075530033027576,2.331541194661213,0.9760118086415446
186,128,3.1092272720797496,2.1712889387034124,0.9379383333763371
187,1,3.286333812541841,2.3141043712345493,0.9722294413072916
188,162,3.2945792542722074,2.30598704107382,0.9885922131983875
189,67,3.5459108661688106,2.562650584284654,0.9832602818841565
190,141,3.2307039817615077,2.2526042302312135,0.9780997515302943
191,107,3.33160252291259,2.3814198709809205,0.9501826519316694
192,156,3.0442725582581147,2.162597478959526,0.8816750792985886
193,27,3.107777846109286,2.1848479508647927,0.9229298952444935
194,93,3.2699180478695666,2.2946974806036167,0.97522056726595
195,162,3.186758122222386,2.251850878434766,0.9349072437876202
196,196,3.192112267349671,2.265424590633529,0.926687676716142
197,97,3.048827603864652,2.113835989660231,0.9349916142044208
198,6,3.2641552822711333,2.297758311023472,0.9663969712476614
199,185,3.4058881310384095,2.3776843066782476,1.0282038243601619
200,129,3.131953961999102,2.168525156739065,0.9634288052600368
201,167,3.785275350744371,2.692564868548743,1.0927104821956277
202,40,3.1571297931349136,2.2274687655485934,0.9296610275863202
203,110,3.31367063041489,2.3159955648050072,0.997675065609883
204,226,3.4417165133095864,2.452429139954461,0.9892873733551255
205,222,3.07625046684484,2.1369696250028483,0.9392808418419918
206,80,3.2436469682878055,2.288735835410705,0.9549111328771005
207,161,3.5338154690004444,2.5620321601073783,0.9717833088930661
208,21,3.320500977802169,2.333532977577562,0.9869680002246071
209,207,3.36776502717521,2.41225940102575,0.9555056261494599
210,68,3.267002329437503,2.275592491883856,0.9914098375536469
211,87,3.444651131393357,2.457014369519868,0.9876367618734889
212,247,3.3503205640956253,2.4115024002194616,0.9388181638761637
213,139,3.471208386417345,2.481376973308727,0.9898314131086181
214,223,3.665443086140044,2.6307998634877947,1.0346432226522495
215,50,3.278086121883973,2.2840815227396263,0.9940045991443469
216,194,3.533885909397725,2.54390863474282,0.9899772746549047
217,255,3.3936561316816096,2.399889391077693,0.9937667406039168
218,19,3.5588795841795218,2.5551344899489834,1.0037450942305384
219,62,3.3998144665012546,2.431502761782781,0.9683117047184737
220,37,3.5229958975148747,2.5289689487799194,0.9940269487349553
221,65,3.2767987783554418,2.382496572433382,0.8943022059220596
222,79,3.3731589624847516,2.4506390360787123,0.9225199264060393
223,18,3.3098197764336987,2.358368251020977,0.9514515254127218
224,229,3.3294237785515293,2.3822926478530633,0.947131130698466
225,65,3.0670069751765823,2.1641742128183523,0.90283276235823
226,235,3.2622918907973144,2.306803981692724,0.9554879091045905
227,195,3.10233838273075,2.165112335005176,0.9372260477255736
228,44,3.4558989670897517,2.4693705065244558,0.986528460565296
229,178,3.386917325041736,2.4165878572218276,0.9703294678199086
230,198,3.509234045119001,2.482118147127437,1.027115897991564
231,32,3.5698762592624576,2.5288440753921577,1.0410321838702998
232,33,3.279581596339142,2.3512922062244,0.9282893901147418
233,96,3.240885883769465,2.299878642820886,0.9410072409485792
234,17,3.41290618420129,2.446067001886803,0.9668391823144873
235,107,3.431496852105397,2.4816674621685877,0.9498293899368093
236,122,3.2785249070597047,2.319952861231485,0.9585720458282196
237,170,3.1606575330355327,2.194495270812837,0.9661622622226957
238,146,3.65505685813406,2.640534395463078,1.014522462670982
239,116,3.311193049751921,2.300219011415919,1.010974038336002
240,56,3.3043616982632216,2.3634898478779576,0.940871850385264
241,150,3.3686204912929156,2.3730266948441,0.9955937964488157
242,116,3.301043546025028,2.3293049568849824,0.9717385891400454
243,214,3.396393717035778,2.4243876459184435,0.9720060711173346
244,178,3.427807545623125,2.449335345612951,0.9784722000101738
245,185,3.339696031744211,2.335451189952522,1.0042448417916887
246,146,3.1890537489248345,2.232088355335918,0.9569653935889164
247,93,3.2523034276181875,2.3605713320101813,0.8917320956080061
248,72,3.257288472555274,2.2710967046479027,0.9861917679073713
249,114,3.486159017968987,2.466475971636555,1.0196830463324318
250,146,3.3841541887181847,2.394511508622429,0.9896426800957556
251,94,3.220748598219359,2.291383112492582,0.9293654857267768
252,37,3.41355162817797,2.4366038916228376,0.9769477365551325
253,28,3.141538488047672,2.2052485785734746,0.9362899094741977
254,11,3.1847385279600644,2.2231217649852795,0.9616167629747849
255,52,3.447212770069939,2.4734188969235618,0.9737938731463771
256,104,3.155979090252174,2.2372847217788205,0.9186943684733535
257,72,3.2790146617351184,2.3361973138685244,0.942817347866594
258,45,3.332874469526814,2.3879493367626026,0.9449251327642116
259,80,3.33511136196239,2.3877955345252246,0.9473158274371656
260,182,3.414061452762212,2.4552325297114805,0.9588289230507314
261,80,3.6147854868847276,2.5874340814890218,1.0273514053957058
262,235,3.3876286676703558,2.3567011862860454,1.0309274813843103
263,147,3.2879977012480026,2.3263671322689845,0.9616305689790181
264,35,3.2832935828532186,2.334242711733424,0.9490508711197947
265,248,3.0652474195464947,2.1263331663770373,0.9389142531694574
266,225,3.445044847609097,2.44391564885737,1.0011291987517268
267,198,3.524881117075779,2.557063488985449,0.9678176280903301
268,40,3.264016630084086,2.2855544050910908,0.9784622249929953
269,202,3.3030315204776457,2.3233439013969814,0.9796876190806643
270,179,3.4867593376528134,2.5333784382240765,0.9533808994287369
271,194,3.542666744762016,2.5258400861689836,1.0168266585930326
272,182,3.1488419742102565,2.205986353928296,0.9428556202819607
273,152,3.4545230206458655,2.5168897617932657,0.9376332588525997
274,87,3.0623036298070474,2.1150495910771383,0.9472540387299091
275,234,3.3187286413294146,2.3621425674901104,0.9565860738393042
276,251,3.2038742482026805,2.261394442658883,0.9424798055437975
277,176,3.441349540992917,2.43191350199001,1.0094360390029067
278,91,3.171073521268454,2.2280104409777834,0.9430630802906705
279,128,3.1224077655996894,2.1867899855288897,0.9356177800707997
280,143,3.400486882477537,2.434755617054151,0.9657312654233863
281,19,3.305938230517768,2.399987335223557,0.905950895294211
282,22,3.0129136075713063,2.094741418112392,0.9181721894589145
283,125,3.4048149829312138,2.4029845208185066,1.0018304621127072
284,143,3.4218955506383395,2.47676873551643,0.9451268151219097
285,54,3.4609902776138597,2.469856194991422,0.9911340826224375
286,67,3.271607591603754,2.267772974875527,1.003834616728227
287,33,3.2540301180746383,2.318826174516232,0.9352039435584061
288,234,3.290196812320403,2.3087085005699066,0.9814883117504962
289,129,3.192141582009924,2.2144443812849204,0.9776972007250038
290,70,3.236431058894709,2.2690227671083107,0.9674082917863984
291,200,3.1368904712812764,2.2477180155585472,0.8891724557227292
292,245,3.4156325331858852,2.4427244278070646,0.9729081053788207
293,75,3.0855477996690865,2.128044350658854,0.9575034490102325
294,229,3.2345305251584477,2.275025127628993,0.9595053975294547
295,196,3.2301279392721653,2.281589414648124,0.9485385246240412
296,203,3.1099786513481718,2.134263570432779,0.9757150809153927
297,134,3.089790807122597,2.1541800109041844,0.9356107962184126
298,233,3.2004747996315928,2.242194292725202,0.9582805069063909
299,38,3.537965938840557,2.538860881733598,0.9991050571069593
300,22,3.215229220538447,2.2371367591935325,0.9780924613449145
301,247,3.140571145428339,2.2052399671585476,0.9353311782697915
302,125,3.458054392267286,2.4338991567796597,1.0241552354876262
303,102,3.4339133674108666,2.414166387774145,1.0197469796367216
304,186,3.4931430236085816,2.4884514418648678,1.0046915817437139
305,75,3.4913498768810314,2.5031856359000244,0.988164240981007
306,163,3.5715434666964825,2.5798067062026178,0.9917367604938647
307,216,3.5860549739094267,2.5780702077728677,1.007984766136559
308,205,3.02632482195213,2.0941774718197337,0.9321473501323965
309,31,3.250688678512745,2.3111722525647167,0.9395164259480282
310,248,3.3648865592901416,2.4382818644123745,0.9266046948777671
311,187,3.2335503532976304,2.2604248455350557,0.9731255077625747
312,178,3.407542898699205,2.4438618375935732,0.9636810611056319
313,48,3.0962517921879567,2.197098651047469,0.8991531411404878
314,236,3.1776207437828248,2.230558472699016,0.9470622710838086
315,100,3.2773896006232803,2.305211466471434,0.9721781341518465
316,240,3.7141498911823305,2.6456661093223772,1.0684837818599533
317,59,3.224466277242925,2.273063353602481,0.951402923640444
318,23,3.5708948203470072,2.5567951255603987,1.0140996947866086
319,215,3.306281129891545,2.3832063331174993,0.9230747967740456
320,149,3.3152210333677203,2.356249742322319,0.9589712910454011
321,99,3.147681544164243,2.245449934112685,0.9022316100515582
322,249,3.70827902797339,2.7015131213800316,1.0067659065933583
323,249,3.1463492906180477,2.194516574245853,0.9518327163721949
324,2,3.208197625363141,2.2675888966233515,0.9406087287397895
325,160,3.306492822285634,2.33592146513152,0.9705713571541139
326,206,3.27741947170432,2.3186144374664934,0.9588050342378267
327,177,3.646623938905293,2.609430204592428,1.037193734312865
328,153,3.0001499411616237,2.086166263249737,0.9139836779118866
329,133,3.287774180456722,2.3090813711062026,0.9786928093505196
330,136,3.160561098282699,2.2054064742827393,0.9551546239999595
331,79,3.3144213704331946,2.280770242853805,1.0336511275793896
332,36,3.1212785464794592,2.2034151881748016,0.9178633583046576
333,101,3.209518660169522,2.2450647686843297,0.9644538914851921
334,178,3.2489517652867903,2.307001823183242,0.9419499421035482
335,240,3.1874683522325427,2.2144188143616077,0.973049537870935
336,246,3.248038667355388,2.3353660371665796,0.9126726301888084
337,51,3.4093268721018717,2.427385600917006,0.9819412711848656
338,7,3.214737951657753,2.254152549363738,0.960585402294015
339,252,3.0312552508086696,2.1034359904654423,0.9278192603432274
340,171,3.136094147970482,2.1928045839993047,0.9432895639711774
341,194,3.4477945855139183,2.4685849223289154,0.9792096631850029
342,208,3.3947679672914433,2.407194688107893,0.9875732791835503
343,92,3.200281083548475,2.243406251815742,0.9568748317327334
344,221,3.173798418519482,2.2498875233401634,0.9239108951793185
345,164,3.483839399033286,2.4723742039065826,1.0114651951267035
346,164,3.522468175389804,2.532720295705758,0.989747879684046
347,97,3.145808818926298,2.2410222179691743,0.9047866009571237
348,87,3.504635212382368,2.4878545917822237,1.0167806206001444
349,97,3.1905986861106044,2.224568731797973,0.9660299543126314
350,182,3.3293970646778916,2.378266977320436,0.9511300873574555
351,128,3.116618274078519,2.177364616123185,0.9392536579553337
352,5,3.181187308178039,2.2062063327146006,0.9749809754634384
353,4,3.400790581803051,2.4032527667262684,0.9975378150767824
354,49,3.1221076063337136,2.2065438179849934,0.9155637883487202
355,126,3.032123135511597,2.1093816649626547,0.9227414705489423
356,153,3.4440233438120913,2.434092148372855,1.0099311954392363
357,248,3.2147949483085654,2.2907963432926977,0.9239986050158677
358,199,3.6186680702555805,2.5397850386442826,1.0788830316112978
359,73,3.3588744365707726,2.3974800680490205,0.9613943685217521
360,131,3.2886953095463696,2.29988727705242,0.9888080324939494
361,191,3.327249287334894,2.357409851490331,0.9698394358445626
362,226,3.2623343115783427,2.2665869326440315,0.9957473789343112
363,113,3.108916478913443,2.217575566154977,0.8913409127584657
364,183,3.2683283361695317,2.340685754954194,0.9276425812153377
365,53,3.142984289107403,2.1805199467569594,0.9624643423504438
366,117,3.4976330368085655,2.447865277298547,1.0497677595100185
367,231,3.483568028486104,2.4683109998104555,1.0152570286756486
368,97,3.1449796500942853,2.1921148710565035,0.9528647790377818
369,4,3.5172940884171453,2.551862595414633,0.9654314930025123
370,201,3.241177890304016,2.2795381488163002,0.9616397414877156
371,77,3.2080635417462986,2.2955906800354455,0.9124728617108531
372,112,3.6400993883334536,2.60531014643243,1.0347892419010236
373,255,3.015167862549447,2.1083178072314013,0.9068500553180456
374,99,3.1766184813332075,2.2467285246513597,0.9298899566818477
375,67,3.1475991231587273,2.1992212527348727,0.9483778704238546
376,59,3.2423198237936504,2.2983000508442615,0.9440197729493889
377,217,3.246753547045614,2.3264081344479735,0.9203454125976407
378,54,3.413325093726769,2.4347872632364727,0.9785378304902963
379,155,3.20147160577244,2.262259069507877,0.9392125362645629
380,60,3.1801360788340958,2.2023882421945586,0.9777478366395371
381,206,3.4699643040236197,2.4435345470251377,1.026429756998482
382,183,3.2680771587896515,2.296798521449034,0.9712786373406175
383,161,3.3111117247316884,2.358876880448065,0.9522348442836233
384,108,3.382538486777946,2.4229595914250126,0.9595788953529336
385,92,3.3094401280370676,2.3278101165522003,0.9816300114848673
386,243,3.168105397292095,2.210651837519464,0.957453559772631
387,194,3.2326849705421523,2.300451626644076,0.9322333438980763
388,100,3.4072062715533207,2.371724812454005,1.0354814590993158
389,6,3.1749734654505346,2.2181781312022224,0.9567953342483122
390,32,3.1510973487980323,2.2312329166287554,0.9198644321692768
391,114,3.368417957865802,2.344803185311406,1.0236147725543958
392,117,3.4644048601682584,2.4758800183739424,0.988524841794316
393,95,3.0561103948439836,2.1013755435772623,0.9547348512667213
394,251,3.1632214086855583,2.2700837032168977,0.8931377054686607
395,122,3.6807744666410827,2.703401512984186,0.9773729536568965
396,203,3.651962853385271,2.61580012113086,1.036162732254411
397,32,3.402499317411184,2.3968951886865284,1.0056041287246558
398,95,3.289232864106168,2.3205245948966535,0.9687082692095146
399,56,3.2475739522952836,2.2911845315641415,0.9563894207311421
400,36,3.1922591232704463,2.2363271119054673,0.955932011364979
401,143,3.1841389954230976,2.204656275204684,0.9794827202184138
402,36,3.4955262154488764,2.552797810839195,0.9427284046096815
403,99,3.2758893669023905,2.310232068331061,0.9656572985713296
404,175,3.2696081276893665,2.3047826284943653,0.9648254991950012
405,202,3.143576595541731,2.1988450388545857,0.9447315566871453
406,143,3.2430831486054785,2.2977949358687795,0.945288212736699
407,154,3.1581715611451955,2.2365383284192717,0.9216332327259238
408,75,3.3861482586505645,2.446207082527593,0.9399411761229715
409,220,3.6359790154628513,2.584029644584433,1.0519493708784182
410,47,3.282879495133386,2.3091970601635694,0.9736824349698168
411,187,3.246934873631858,2.2593991906958877,0.9875356829359703
412,22,3.3192090526359266,2.3727502275321513,0.9464588251037753
413,154,3.328488830739275,2.361849620912267,0.966639209827008
414,64,3.165771258999939,2.249027125077106,0.9167441339228333
415,73,3.543533377510414,2.500663258710091,1.042870118800323
416,88,3.3929322059308333,2.399682759200431,0.9932494467304025
417,200,3.4525239637275718,2.4752918925804295,0.9772320711471423
418,202,3.2207312864182995,2.2901088347724396,0.9306224516458599
419,64,3.163235188300746,2.2248302550353856,0.9384049332653603
420,137,3.423333682873306,2.44239619719977,0.980937485673536
421,19,3.2943750350459595,2.3731351715339883,0.9212398635119712
422,227,3.4465479233372776,2.460809121870426,0.9857388014668516
423,246,3.1254687451751693,2.200123239205311,0.9253455059698581
424,92,3.252016203772257,2.2883347235632527,0.9636814802090043
425,138,3.2345558822291878,2.268431457548729,0.9661244246804586
426,137,3.132280794491919,2.1658776642460396,0.9664031302458795
427,198,3.1858420536813696,2.251069571971101,0.9347724817102687
428,17,3.4035666743278057,2.4139475784646436,0.9896190958631621
429,135,3.3984653959348634,2.4379729742201164,0.960492421714747
430,215,3.5171045817710933,2.5248979343516567,0.9922066474194366
431,156,3.1073137530147505,2.1888712940603625,0.918442458954388
432,142,3.487316278224057,2.464751460516112,1.022564817707945
433,8,3.438561601211859,2.4541776880770954,0.9843839131347636
434,236,3.273999484231979,2.318547642473362,0.9554518417586166
435,47,3.087318680363694,2.128107453748015,0.9592112266156789
436,89,3.273143927473143,2.361146315308247,0.911997612164896
437,172,3.1312349854037507,2.1887821613595406,0.94245282404421
438,118,3.278306864225897,2.272423802777894,1.005883061448003
439,146,3.3952634673177613,2.4048277614949427,0.9904357058228186
440,150,3.6106634671646134,2.6052787658117893,1.005384701352824
441,40,3.651564831746896,2.676446407416904,0.9751184243299917
442,3,3.4398124825684704,2.4420535576884674,0.997758924880003
443,243,3.2971824267440866,2.3296343501659464,0.9675480765781401
444,207,3.073341262774477,2.1505482844690107,0.9227929783054662
445,39,3.2677434670362118,2.3389735295106107,0.9287699375256011
446,171,3.219191164402446,2.293213223184381,0.9259779412180649
447,130,3.1904730330464304,2.252658344281514,0.9378146887649166
448,188,3.1804052747072546,2.246413004565852,0.9339922701414025
449,36,3.3871043076457568,2.418115495464633,0.9689888121811236
450,179,3.2433075717751194,2.2726464354836935,0.9706611362914259
451,183,3.373213983021003,2.373194279473722,1.0000197035472809
452,255,3.137722281492813,2.2081285112167564,0.9295937702760568
453,70,3.3132459244798156,2.3675360538766768,0.9457098706031388
454,110,3.353965727298828,2.35515669757433,0.998809029724498
455,34,3.406805081148434,2.405169105071934,1.0016359760765
456,3,3.4272213216069076,2.433870040295915,0.9933512813109928
457,11,3.3695119948124557,2.3667638374518276,1.002748157360628
458,114,3.218262913778176,2.3086343060202807,0.9096286077578952
459,44,3.0278504941240953,2.147004439146883,0.8808460549772121
460,190,3.389823425111274,2.463533664430514,0.9262897606807599
461,49,3.1777101357337756,2.2321254411760663,0.9455846945577093
462,160,3.6133212438957116,2.6704456603988547,0.942875583496857
463,137,3.4289387090694277,2.4657189843742913,0.9632197246951364
464,84,3.1373324474953392,2.15059887581441,0.9867335716809293
465,115,3.2381642631946193,2.2924669522396073,0.945697310955012
466,255,3.357842516182302,2.4485456271035844,0.9092968890787176
467,245,3.3183972274365487,2.3645508034572345,0.9538464239793143
468,70,3.4545807676952904,2.473237019711405,0.9813437479838854
469,244,3.299286947856899,2.3409512910701267,0.9583356567867725
470,55,3.218631515874165,2.26412833260207,0.9545031832720952
471,203,3.268015012592002,2.29818102251042,0.9698339900815824
472,88,3.13867303246127,2.208840830445183,0.9298322020160867
473,171,3.237880645350458,2.314568981587314,0.923311663763144
474,166,3.412817138333253,2.4101538492044767,1.0026632891287761
475,216,3.1939990998869803,2.2728723319818016,0.9211267679051787
476,97,3.2122148653840554,2.288324679690902,0.9238901856931534
477,240,3.3455451646273104,2.3385207422126086,1.0070244224147018
478,225,3.2548651728646973,2.3027817182974104,0.9520834545672869
479,5,3.3700899176251937,2.4182543910886523,0.9518355265365415
480,25,3.1901865456119936,2.2543770646166763,0.9358094809953172
481,30,3.285158579149538,2.330109148171431,0.9550494309781072
482,165,3.5247697092643193,2.485843140273829,1.0389265689904903
483,92,3.2007976283298376,2.254729302681227,0.9460683256486107
484,39,3.0942727646608432,2.1904671872628683,0.903805577397975
485,23,3.2877943278880934,2.345071724433467,0.9427226034546266
486,234,3.3053714450333587,2.375260233328305,0.9301112117050536
487,153,3.3695767477688605,2.3736069583894164,0.9959697893794441
488,8,3.142534887557588,2.1906154998795557,0.9519193876780321
489,66,3.3919078156116598,2.39270504035008,0.9992027752615797
490,168,3.3323524875752923,2.3449472785269165,0.9874052090483758
491,67,3.294782022114873,2.2884128226706366,1.0063691994442365
492,195,3.5110598692366466,2.560530106212184,0.9505297630244627
493,73,3.0747458492380133,2.159463590233969,0.9152822590040444
494,161,3.075539442423576,2.1784128233430238,0.8971266190805522
495,25,3.287388414403324,2.3697313212028632,0.9176570932004608
496,207,3.619060172127945,2.5989606409872295,1.0200995311407155
497,189,3.1909285454342466,2.2963294471883557,0.8945990982458909
498,138,3.3620476227621907,2.4145908781595438,0.947456744602647
499,166,3.4281153152197135,2.4595486790854295,0.968566636134284
500,16,3.2554088512767976,2.282122551873954,0.9732862994028437
501,155,3.3610944197008052,2.410256345008861,0.9508380746919443
502,116,3.421634405292764,2.3956899417637487,1.0259444635290151
503,8,3.371808601649434,2.4065762025176696,0.9652323991317644
504,7,3.236912002122949,2.2707699710468887,0.9661420310760604
505,109,3.096480511235711,2.1567937926690206,0.9396867185666906
506,184,3.324318746151107,2.381240151506347,0.94307859464476
507,175,3.688682829950551,2.640357874004934,1.048324955945617
508,44,3.3268303045758785,2.397575714189145,0.9292545903867335
509,40,3.466741921834114,2.4019047572941474,1.0648371645399664
510,64,3.4563439873354014,2.4471708591076435,1.0091731282277578
511,98,3.291112483851805,2.305555401375244,0.9855570824765607
